,date,coronavirus,short breath,covid-19,state,positive,positiveIncrease,negative,negativeIncrease
0,2020-03-08,76,46,39,DE,0.0,0,10.0,0
1,2020-03-15,100,44,88,DE,6.0,0,36.0,0
2,2020-03-22,74,0,96,DE,56.0,11,36.0,0
3,2020-03-29,59,81,100,DE,232.0,18,36.0,0
4,2020-04-05,59,0,81,DE,673.0,80,6321.0,447
5,2020-04-12,46,40,56,DE,1479.0,0,9624.0,0
6,2020-04-19,38,39,50,DE,2538.0,215,12256.0,562
7,2020-04-26,23,80,49,DE,4034.0,458,15215.0,1093
8,2020-05-03,20,39,45,DE,5208.0,170,18529.0,455
9,2020-05-10,18,81,40,DE,6447.0,170,24592.0,1573
10,2020-05-17,14,0,41,DE,7670.0,123,33195.0,984
11,2020-05-24,12,0,34,DE,8809.0,119,43061.0,1217
12,2020-05-31,9,0,31,DE,9498.0,76,51173.0,1266
13,2020-06-07,8,0,31,DE,9942.0,97,59055.0,1265
14,2020-06-14,8,0,36,DE,10264.0,35,71523.0,1653
15,2020-06-21,11,0,43,DE,10775.0,94,84199.0,2464
16,2020-06-28,14,43,40,DE,11226.0,135,95120.0,1949
17,2020-07-05,11,43,45,DE,12128.0,132,111813.0,3116
18,2020-07-12,11,44,38,DE,12804.0,61,124605.0,3233
19,2020-07-19,9,0,31,DE,13519.0,90,139476.0,2148
20,2020-07-26,8,44,31,DE,14290.0,115,155703.0,2956
21,2020-08-02,7,0,93,DE,14949.0,72,169962.0,1943
22,2020-08-09,6,44,25,DE,15575.0,73,182544.0,2152
23,2020-08-16,5,0,20,DE,16451.0,55,193934.0,1569
24,2020-08-23,4,0,20,DE,16895.0,67,204950.0,1902
25,2020-08-30,4,44,14,DE,17343.0,-6,217318.0,1783
26,2020-09-06,5,43,17,DE,18043.0,151,232740.0,2000
27,2020-09-13,4,0,24,DE,18849.0,123,242447.0,1588
28,2020-09-20,4,43,18,DE,19566.0,117,251855.0,1593
29,2020-09-27,5,0,24,DE,20260.0,104,261764.0,1521
30,2020-10-04,4,47,14,DE,21243.0,118,272846.0,1513
31,2020-10-11,4,100,16,DE,22130.0,132,288440.0,2793
32,2020-10-18,4,0,19,DE,23093.0,151,304203.0,2676
33,2020-10-25,4,51,19,DE,23961.0,114,315380.0,1951
34,2020-11-01,3,43,11,DE,25126.0,175,327222.0,1445
35,2020-11-08,5,0,27,DE,26603.0,345,338676.0,2003
36,2020-03-08,68,27,36,NC,2.0,0,,0
37,2020-03-15,100,54,86,NC,32.0,9,227.0,90
38,2020-03-22,78,51,100,NC,255.0,71,6183.0,1091
39,2020-03-29,59,66,89,NC,1040.0,105,17905.0,1313
40,2020-04-05,60,57,70,NC,2585.0,183,37460.0,1089
41,2020-04-12,48,15,54,NC,4520.0,208,57619.0,1538
42,2020-04-19,38,41,47,NC,6493.0,353,72279.0,2208
43,2020-04-26,20,28,42,NC,8830.0,207,99064.0,2422
44,2020-05-03,18,30,41,NC,11664.0,155,132171.0,4205
45,2020-05-10,16,47,38,NC,14764.0,404,177371.0,5369
46,2020-05-17,14,30,34,NC,18512.0,530,230432.0,9828
47,2020-05-24,11,31,31,NC,23222.0,497,313434.0,6577
48,2020-05-31,9,15,29,NC,28589.0,916,387700.0,11216
49,2020-06-07,9,38,36,NC,35546.0,921,475680.0,12955
50,2020-06-14,10,37,43,NC,44119.0,1443,583011.0,13997
51,2020-06-21,12,27,48,NC,52801.0,1412,692974.0,13022
52,2020-06-28,11,100,38,NC,62142.0,1605,809763.0,15169
53,2020-07-05,11,39,39,NC,72983.0,1329,963855.0,17213
54,2020-07-12,11,28,41,NC,85701.0,1908,1113874.0,21609
55,2020-07-19,8,33,37,NC,99778.0,1820,1295086.0,13901
56,2020-07-26,7,22,33,NC,112713.0,1621,1500672.0,32722
57,2020-08-02,6,22,98,NC,125219.0,1341,1688291.0,25757
58,2020-08-09,6,27,28,NC,136218.0,1452,1850330.0,15330
59,2020-08-16,5,30,23,NC,144952.0,1246,1779694.0,19999
60,2020-08-23,4,15,21,NC,155113.0,1472,1923359.0,24882
61,2020-08-30,4,37,22,NC,166127.0,1051,2077146.0,24073
62,2020-09-06,4,26,19,NC,176901.0,1086,2266049.0,30993
63,2020-09-13,3,37,19,NC,184936.0,1196,2431172.0,33780
64,2020-09-20,3,30,17,NC,193581.0,1333,2611237.0,32465
65,2020-09-27,4,41,20,NC,207380.0,1290,2771348.0,29635
66,2020-10-04,4,55,19,NC,217496.0,610,2943472.0,24092
67,2020-10-11,3,24,17,NC,231471.0,1719,3156779.0,35716
68,2020-10-18,3,37,16,NC,246028.0,2303,3371230.0,32383
69,2020-10-25,3,56,17,NC,260099.0,1807,3584354.0,33569
70,2020-11-01,2,27,12,NC,276692.0,2057,3818673.0,38152
71,2020-11-08,3,66,20,NC,293339.0,2094,4071722.0,38811
72,2020-02-02,6,44,0,FL,0.0,0,,0
73,2020-02-09,5,24,1,FL,0.0,0,,0
74,2020-02-16,4,42,1,FL,0.0,0,,0
75,2020-02-23,15,34,4,FL,0.0,0,,0
76,2020-03-01,32,46,9,FL,0.0,0,,0
77,2020-03-08,65,45,33,FL,12.0,4,118.0,18
78,2020-03-15,100,69,78,FL,91.0,40,678.0,200
79,2020-03-22,81,100,91,FL,731.0,203,7990.0,1411
80,2020-03-29,63,55,92,FL,3884.0,705,39070.0,3704
81,2020-04-05,62,52,77,FL,11245.0,1148,101253.0,10297
82,2020-04-12,47,82,59,FL,18404.0,1064,163398.0,8959
83,2020-04-19,37,14,48,FL,24647.0,741,230083.0,8825
84,2020-04-26,21,51,42,FL,30405.0,795,313085.0,10825
85,2020-05-03,18,55,41,FL,34841.0,632,392111.0,11562
86,2020-05-10,16,70,39,FL,39179.0,681,498352.0,10622
87,2020-05-17,12,74,34,FL,44161.0,1136,606204.0,20968
88,2020-05-24,10,34,30,FL,49095.0,545,820368.0,14058
89,2020-05-31,8,0,25,FL,54510.0,870,965186.0,25642
90,2020-06-07,8,26,33,FL,61941.0,1392,1152220.0,40793
91,2020-06-14,12,43,47,FL,73282.0,2133,1333447.0,36586
92,2020-06-21,16,52,60,FL,94786.0,4617,1502005.0,34530
93,2020-06-28,15,44,55,FL,138499.0,8354,1740822.0,43842
94,2020-07-05,15,41,52,FL,196386.0,9856,2000088.0,43643
95,2020-07-12,14,66,51,FL,265432.0,15149,2304196.0,83408
96,2020-07-19,10,25,44,FL,344305.0,12385,2652594.0,58175
97,2020-07-26,9,74,36,FL,417360.0,9246,2962648.0,40782
98,2020-08-02,7,41,100,FL,479915.0,7056,3233865.0,34450
99,2020-08-09,7,58,30,FL,525106.0,6139,3452857.0,33562
100,2020-08-16,6,54,26,FL,567375.0,3747,3659212.0,26124
101,2020-08-23,5,56,23,FL,594287.0,3004,3828062.0,23812
102,2020-08-30,5,39,24,FL,614753.0,2547,3978022.0,21814
103,2020-09-06,5,32,22,FL,639166.0,2513,4138339.0,18399
104,2020-09-13,4,43,20,FL,656485.0,2395,4259936.0,19827
105,2020-09-20,4,36,20,FL,675691.0,2497,4411335.0,24014
106,2020-09-27,4,41,21,FL,692234.0,1847,4552877.0,16552
107,2020-10-04,4,66,18,FL,707751.0,1786,4680415.0,18547
108,2020-10-11,4,62,16,FL,725415.0,5414,4816040.0,26799
109,2020-10-18,4,60,17,FL,745492.0,2474,4967372.0,15753
110,2020-10-25,4,66,18,FL,768653.0,2348,5174087.0,12277
111,2020-11-01,3,33,14,FL,796802.0,4805,5379089.0,44294
112,2020-11-08,4,45,19,FL,832525.0,6619,5557306.0,38183
113,2020-03-08,77,0,57,VT,1.0,0,30.0,5
114,2020-03-15,100,0,100,VT,12.0,4,405.0,73
115,2020-03-22,76,0,93,VT,76.0,24,1204.0,124
116,2020-03-29,59,0,83,VT,256.0,22,3483.0,291
117,2020-04-05,54,77,64,VT,543.0,31,5830.0,588
118,2020-04-12,43,0,49,VT,754.0,21,8724.0,661
119,2020-04-19,34,0,27,VT,817.0,4,11450.0,238
120,2020-04-26,20,76,41,VT,855.0,3,13518.0,248
121,2020-05-03,18,0,32,VT,901.0,5,15570.0,338
122,2020-05-10,18,0,27,VT,926.0,0,18167.0,477
123,2020-05-17,15,84,26,VT,940.0,0,22974.0,777
124,2020-05-24,13,0,18,VT,956.0,2,27634.0,1164
125,2020-05-31,10,80,21,VT,981.0,4,32989.0,1299
126,2020-06-07,10,0,30,VT,1063.0,17,40155.0,1118
127,2020-06-14,11,0,25,VT,1127.0,2,49855.0,1047
128,2020-06-21,12,0,25,VT,1159.0,12,56686.0,805
129,2020-06-28,13,0,26,VT,1202.0,2,62663.0,1140
130,2020-07-05,15,0,26,VT,1249.0,11,68775.0,616
131,2020-07-12,14,0,32,VT,1296.0,13,74555.0,806
132,2020-07-19,10,89,26,VT,1350.0,12,81150.0,2042
133,2020-07-26,9,0,22,VT,1400.0,4,88409.0,989
134,2020-08-02,9,0,55,VT,1426.0,5,95255.0,1284
135,2020-08-09,8,0,23,VT,1459.0,5,101232.0,883
136,2020-08-16,6,0,27,VT,1515.0,6,109820.0,1032
137,2020-08-23,5,0,24,VT,1557.0,4,118486.0,1435
138,2020-08-30,4,0,12,VT,1616.0,11,131659.0,3084
139,2020-09-06,5,0,15,VT,1648.0,1,142415.0,974
140,2020-09-13,5,0,19,VT,1684.0,7,148989.0,1005
141,2020-09-20,5,0,15,VT,1715.0,5,154180.0,1090
142,2020-09-27,7,0,11,VT,1742.0,3,159248.0,711
143,2020-10-04,5,90,18,VT,1785.0,7,164735.0,727
144,2020-10-11,5,100,11,VT,1868.0,11,170958.0,1636
145,2020-10-18,5,0,19,VT,1937.0,11,176523.0,1116
146,2020-10-25,6,0,17,VT,2073.0,30,183534.0,907
147,2020-11-01,5,0,13,VT,2196.0,17,187912.0,411
148,2020-11-08,6,0,26,VT,2392.0,45,191990.0,814
149,2020-03-08,62,0,38,ND,,0,0.0,0
150,2020-03-15,100,0,95,ND,1.0,0,95.0,41
151,2020-03-22,80,52,100,ND,28.0,0,1260.0,119
152,2020-03-29,64,0,93,ND,97.0,17,3355.0,546
153,2020-04-05,55,100,72,ND,207.0,21,6580.0,559
154,2020-04-12,45,49,56,ND,308.0,15,10042.0,255
155,2020-04-19,37,0,41,ND,584.0,56,13045.0,610
156,2020-04-26,23,52,36,ND,867.0,64,19850.0,1303
157,2020-05-03,17,50,28,ND,1191.0,38,32162.0,1768
158,2020-05-10,16,54,30,ND,1490.0,26,43378.0,909
159,2020-05-17,13,0,40,ND,1898.0,51,53321.0,1682
160,2020-05-24,12,0,25,ND,2338.0,54,63070.0,1287
161,2020-05-31,8,0,18,ND,2576.0,23,69463.0,1036
162,2020-06-07,7,0,20,ND,2859.0,44,77072.0,1008
163,2020-06-14,6,0,32,ND,3078.0,22,83800.0,985
164,2020-06-21,9,0,23,ND,3285.0,37,92885.0,1905
165,2020-06-28,10,64,21,ND,3490.0,35,100430.0,1369
166,2020-07-05,10,63,26,ND,3812.0,36,109312.0,1163
167,2020-07-12,11,63,28,ND,4331.0,91,118145.0,1537
168,2020-07-19,8,0,32,ND,5013.0,113,128835.0,2227
169,2020-07-26,9,0,39,ND,5869.0,140,140603.0,2079
170,2020-08-02,6,0,74,ND,6649.0,56,149583.0,0
171,2020-08-09,7,0,22,ND,7589.0,91,161076.0,1217
172,2020-08-16,6,0,18,ND,8582.0,143,171213.0,1512
173,2020-08-23,5,0,24,ND,9863.0,139,181009.0,1707
174,2020-08-30,5,0,19,ND,11696.0,221,188263.0,0
175,2020-09-06,6,59,21,ND,13626.0,299,197368.0,1203
176,2020-09-13,5,0,25,ND,15577.0,426,203029.0,1599
177,2020-09-20,5,0,22,ND,17958.0,351,210297.0,1402
178,2020-09-27,6,0,19,ND,20724.0,344,216894.0,1045
179,2020-10-04,5,0,19,ND,23550.0,416,224042.0,1170
180,2020-10-11,6,0,27,ND,27265.0,637,231771.0,1213
181,2020-10-18,6,0,20,ND,31978.0,717,238577.0,1166
182,2020-10-25,7,62,22,ND,37719.0,845,245691.0,897
183,2020-11-01,5,0,19,ND,45043.0,1127,250750.0,602
184,2020-11-08,5,0,22,ND,54305.0,1101,255193.0,426
185,2020-03-08,74,60,31,GA,7.0,1,,0
186,2020-03-15,100,100,69,GA,99.0,33,,0
187,2020-03-22,81,75,81,GA,600.0,93,3420.0,863
188,2020-03-29,66,58,80,GA,2651.0,285,9913.0,1228
189,2020-04-05,67,48,65,GA,6647.0,487,21185.0,1051
190,2020-04-12,52,28,46,GA,12452.0,293,42001.0,2445
191,2020-04-19,42,53,42,GA,18301.0,632,61632.0,5093
192,2020-04-26,23,36,37,GA,23401.0,706,99822.0,3503
193,2020-05-03,20,51,37,GA,28602.0,296,146494.0,0
194,2020-05-10,17,64,35,GA,33441.0,909,210106.0,7314
195,2020-05-17,14,79,28,GA,37701.0,554,313474.0,29552
196,2020-05-24,11,48,25,GA,42838.0,706,439116.0,27711
197,2020-05-31,9,17,22,GA,46986.0,700,418539.0,9987
198,2020-06-07,8,23,28,GA,51898.0,589,487986.0,16438
199,2020-06-14,9,42,34,GA,57681.0,880,563109.0,20230
200,2020-06-21,12,36,42,GA,64701.0,892,633606.0,3031
201,2020-06-28,13,37,41,GA,77210.0,2225,729728.0,14900
202,2020-07-05,13,31,41,GA,95516.0,2197,853669.0,20629
203,2020-07-12,12,74,42,GA,116926.0,2525,966490.0,16018
204,2020-07-19,9,37,38,GA,143123.0,3251,1112196.0,20262
205,2020-07-26,8,19,31,GA,167953.0,2765,1260992.0,18340
206,2020-08-02,7,27,100,GA,193177.0,3165,1431463.0,25390
207,2020-08-09,6,30,24,GA,216596.0,3169,1618452.0,33913
208,2020-08-16,6,41,23,GA,237030.0,1862,1768243.0,15345
209,2020-08-23,4,51,19,GA,253949.0,1727,1917935.0,20987
210,2020-08-30,4,52,19,GA,268973.0,1215,2058517.0,14096
211,2020-09-06,4,30,19,GA,283199.0,1651,2196369.0,17188
212,2020-09-13,3,51,16,GA,294314.0,1409,2307888.0,-9378
213,2020-09-20,3,24,15,GA,306155.0,1134,2444667.0,14299
214,2020-09-27,4,37,16,GA,314685.0,812,2571584.0,13102
215,2020-10-04,3,37,13,GA,322925.0,847,2695693.0,16390
216,2020-10-11,3,40,12,GA,331409.0,1140,2819630.0,17340
217,2020-10-18,3,20,13,GA,340558.0,1174,2957900.0,16616
218,2020-10-25,3,34,13,GA,350923.0,1318,3094109.0,17604
219,2020-11-01,2,34,10,GA,361982.0,1192,3225604.0,0
220,2020-11-08,3,27,12,GA,373078.0,1253,3360882.0,17437
221,2020-02-02,10,62,0,WA,0.0,0,0.0,0
222,2020-02-09,8,42,2,WA,0.0,0,0.0,0
223,2020-02-16,7,32,2,WA,0.0,0,0.0,0
224,2020-02-23,25,61,9,WA,0.0,0,0.0,0
225,2020-03-01,66,89,30,WA,34.0,16,83.0,59
226,2020-03-08,76,89,60,WA,317.0,61,2315.0,479
227,2020-03-15,100,44,100,WA,1282.0,108,18777.0,1635
228,2020-03-22,78,100,99,WA,3151.0,186,44587.0,1846
229,2020-03-29,64,42,87,WA,5921.0,242,72160.0,1745
230,2020-04-05,62,68,78,WA,8589.0,171,99804.0,1925
231,2020-04-12,48,71,57,WA,10657.0,89,126300.0,1392
232,2020-04-19,38,95,47,WA,12589.0,96,152470.0,1871
233,2020-04-26,22,45,43,WA,14379.0,113,182238.0,1972
234,2020-05-03,20,84,41,WA,16132.0,84,213668.0,1713
235,2020-05-10,18,70,40,WA,17773.0,62,246823.0,1714
236,2020-05-17,15,70,34,WA,19343.0,64,282581.0,2404
237,2020-05-24,13,43,31,WA,21087.0,101,322742.0,2722
238,2020-05-31,10,27,28,WA,22878.0,100,361004.0,2822
239,2020-06-07,10,41,32,WA,25081.0,110,404966.0,3015
240,2020-06-14,10,29,35,WA,27484.0,136,469418.0,3957
241,2020-06-21,13,60,40,WA,30513.0,189,532297.0,3608
242,2020-06-28,14,46,40,WA,34556.0,264,609883.0,4590
243,2020-07-05,13,31,40,WA,39156.0,293,691093.0,4510
244,2020-07-12,12,43,39,WA,44675.0,334,778827.0,5048
245,2020-07-19,10,32,36,WA,50216.0,334,873315.0,4877
246,2020-07-26,9,63,33,WA,55773.0,321,962450.0,4623
247,2020-08-02,8,46,85,WA,60588.0,228,1049497.0,4559
248,2020-08-09,6,31,29,WA,64918.0,195,1138079.0,4795
249,2020-08-16,5,46,24,WA,68729.0,150,1229199.0,4801
250,2020-08-23,5,46,22,WA,71659.0,61,1307377.0,2442
251,2020-08-30,5,45,21,WA,74320.0,1019,1387034.0,36564
252,2020-09-06,4,29,17,WA,76836.0,501,1473641.0,15886
253,2020-09-13,4,28,17,WA,79826.0,350,1564759.0,13073
254,2020-09-20,4,43,19,WA,82199.0,597,1640841.0,17773
255,2020-09-27,5,62,20,WA,85830.0,604,1734793.0,18998
256,2020-10-04,4,74,17,WA,89419.0,609,1833537.0,16588
257,2020-10-11,4,69,15,WA,93035.0,475,1968403.0,23017
258,2020-10-18,4,70,17,WA,98201.0,1307,2116889.0,19529
259,2020-10-25,5,53,17,WA,102913.0,1568,2257474.0,39888
260,2020-11-01,3,0,13,WA,107501.0,928,2342621.0,22809
261,2020-11-08,5,46,22,WA,116011.0,1770,2476755.0,22739
262,2020-02-16,5,43,1,NE,,0,,0
263,2020-02-23,16,42,4,NE,,0,,0
264,2020-03-01,28,43,8,NE,,0,,0
265,2020-03-08,80,43,46,NE,1.0,0,17.0,0
266,2020-03-15,100,85,97,NE,17.0,3,80.0,0
267,2020-03-22,71,61,100,NE,48.0,10,356.0,0
268,2020-03-29,62,61,94,NE,108.0,12,1968.0,64
269,2020-04-05,63,69,74,NE,363.0,42,5558.0,500
270,2020-04-12,50,53,51,NE,791.0,91,9900.0,615
271,2020-04-19,41,40,45,NE,1287.0,149,13288.0,749
272,2020-04-26,23,41,39,NE,2732.0,311,18496.0,944
273,2020-05-03,20,40,37,NE,5326.0,488,25936.0,1426
274,2020-05-10,18,41,36,NE,8234.0,403,37335.0,2190
275,2020-05-17,14,43,31,NE,10220.0,448,55420.0,5214
276,2020-05-24,11,44,25,NE,11989.0,327,71216.0,2896
277,2020-05-31,8,43,20,NE,13905.0,251,87237.0,1883
278,2020-06-07,8,88,25,NE,15543.0,164,104226.0,2058
279,2020-06-14,7,0,29,NE,16633.0,120,119482.0,1618
280,2020-06-21,9,92,29,NE,17707.0,116,136534.0,2271
281,2020-06-28,10,0,29,NE,18775.0,251,154023.0,3949
282,2020-07-05,10,0,30,NE,19827.0,167,170101.0,2173
283,2020-07-12,10,47,43,NE,20998.0,221,187105.0,4028
284,2020-07-19,8,0,34,NE,22481.0,120,209920.0,1130
285,2020-07-26,8,48,28,NE,24395.0,221,231069.0,2638
286,2020-08-02,7,0,91,NE,26391.0,180,250852.0,1804
287,2020-08-09,6,46,28,NE,28245.0,141,271429.0,1995
288,2020-08-16,5,44,23,NE,30241.0,253,290635.0,2940
289,2020-08-23,5,42,19,NE,31780.0,154,306581.0,1625
290,2020-08-30,5,42,22,NE,33753.0,317,324192.0,2410
291,2020-09-06,4,0,17,NE,35805.0,144,341023.0,1160
292,2020-09-13,4,0,16,NE,38108.0,267,362576.0,3063
293,2020-09-20,3,43,15,NE,40797.0,410,382563.0,2955
294,2020-09-27,4,93,18,NE,43596.0,434,401533.0,4050
295,2020-10-04,4,96,18,NE,47403.0,426,425950.0,2959
296,2020-10-11,4,0,19,NE,51887.0,743,457034.0,3746
297,2020-10-18,4,51,21,NE,57334.0,620,481793.0,3160
298,2020-10-25,4,51,19,NE,63215.0,705,504211.0,2446
299,2020-11-01,4,42,15,NE,70732.0,1087,523700.0,2327
300,2020-11-08,5,100,23,NE,82395.0,1702,543892.0,3053
301,2020-03-08,65,43,39,WI,1.0,0,31.0,0
302,2020-03-15,100,56,100,WI,37.0,14,313.0,144
303,2020-03-22,71,91,98,WI,425.0,110,6230.0,1602
304,2020-03-29,53,93,82,WI,1276.0,142,16550.0,1318
305,2020-04-05,51,54,61,WI,2643.0,167,25169.0,1310
306,2020-04-12,41,26,48,WI,3964.0,142,35916.0,1236
307,2020-04-19,32,52,42,WI,5176.0,163,45323.0,1361
308,2020-04-26,19,27,36,WI,6963.0,248,59235.0,2097
309,2020-05-03,17,40,36,WI,9227.0,307,77997.0,2427
310,2020-05-10,17,41,36,WI,11694.0,292,105163.0,3228
311,2020-05-17,13,27,32,WI,14257.0,379,139674.0,5468
312,2020-05-24,12,71,26,WI,17253.0,410,186206.0,6877
313,2020-05-31,9,57,21,WI,20564.0,182,250103.0,7195
314,2020-06-07,8,100,30,WI,23212.0,275,325867.0,11065
315,2020-06-14,8,50,34,WI,25340.0,251,397366.0,8967
316,2020-06-21,10,30,35,WI,27615.0,289,460334.0,5771
317,2020-06-28,11,31,30,WI,30707.0,480,521747.0,6024
318,2020-07-05,11,30,32,WI,34740.0,533,584111.0,4474
319,2020-07-12,11,31,41,WI,39877.0,797,653352.0,6848
320,2020-07-19,9,46,34,WI,45948.0,849,730902.0,7259
321,2020-07-26,8,46,32,WI,52680.0,965,817549.0,9021
322,2020-08-02,7,0,81,WI,58990.0,932,904666.0,8721
323,2020-08-09,6,31,25,WI,64835.0,622,993742.0,6797
324,2020-08-16,5,31,22,WI,70246.0,699,1060533.0,5414
325,2020-08-23,4,30,19,WI,75205.0,479,1115149.0,4361
326,2020-08-30,4,29,17,WI,80300.0,570,1169302.0,4562
327,2020-09-06,4,28,18,WI,86353.0,890,1221894.0,4616
328,2020-09-13,4,43,19,WI,94679.0,1624,1270458.0,6153
329,2020-09-20,5,29,21,WI,107292.0,1735,1332102.0,6655
330,2020-09-27,6,0,20,WI,122478.0,2247,1399218.0,5806
331,2020-10-04,5,79,20,WI,139928.0,1926,1465713.0,8950
332,2020-10-11,5,69,17,WI,158315.0,2713,1537877.0,7571
333,2020-10-18,5,0,21,WI,175227.0,0,1590569.0,0
334,2020-10-25,5,34,20,WI,208917.0,3778,1768026.0,10396
335,2020-11-01,4,42,19,WI,241423.0,3553,1841205.0,14569
336,2020-11-08,5,91,24,WI,281910.0,4407,1916801.0,8481
337,2020-03-08,74,0,53,NH,4.0,2,38.0,18
338,2020-03-15,100,39,100,NH,13.0,6,271.0,59
339,2020-03-22,73,36,97,NH,65.0,10,1188.0,215
340,2020-03-29,60,0,81,NH,214.0,27,4524.0,868
341,2020-04-05,56,0,73,NH,621.0,81,7411.0,446
342,2020-04-12,47,35,52,NH,929.0,44,9996.0,388
343,2020-04-19,38,54,44,NH,1342.0,55,12082.0,517
344,2020-04-26,23,0,48,NH,1787.0,67,16964.0,957
345,2020-05-03,20,35,39,NH,2429.0,119,25964.0,3925
346,2020-05-10,17,0,37,NH,3011.0,64,30442.0,1091
347,2020-05-17,14,0,35,NH,3556.0,92,41196.0,1984
348,2020-05-24,12,51,24,NH,4089.0,0,55450.0,0
349,2020-05-31,9,0,28,NH,4545.0,53,65735.0,1267
350,2020-06-07,10,76,27,NH,5019.0,0,78990.0,0
351,2020-06-14,9,0,27,NH,5299.0,48,91122.0,2417
352,2020-06-21,10,100,33,NH,5518.0,32,100367.0,286
353,2020-06-28,11,39,33,NH,5717.0,46,110392.0,1295
354,2020-07-05,11,0,23,NH,5857.0,0,117892.0,0
355,2020-07-12,10,0,31,NH,6024.0,33,127365.0,1054
356,2020-07-19,9,0,34,NH,6203.0,38,137175.0,1554
357,2020-07-26,9,42,34,NH,6436.0,21,147173.0,1298
358,2020-08-02,7,0,80,NH,6613.0,0,154349.0,0
359,2020-08-09,6,0,23,NH,6831.0,13,165754.0,1321
360,2020-08-16,6,41,24,NH,6988.0,8,177941.0,1544
361,2020-08-23,5,0,22,NH,7107.0,15,188957.0,1374
362,2020-08-30,5,0,16,NH,7254.0,8,202041.0,1947
363,2020-09-06,5,0,20,NH,7447.0,23,213215.0,1894
364,2020-09-13,4,0,17,NH,7696.0,44,222846.0,1474
365,2020-09-20,4,0,19,NH,7947.0,27,232454.0,1642
366,2020-09-27,5,42,21,NH,8172.0,51,259314.0,2057
367,2020-10-04,5,43,22,NH,8645.0,48,270967.0,0
368,2020-10-11,5,0,21,NH,9092.0,0,283359.0,0
369,2020-10-18,5,0,15,NH,9694.0,69,303670.0,1680
370,2020-10-25,5,47,23,NH,10328.0,90,321233.0,2414
371,2020-11-01,5,0,18,NH,11214.0,130,335921.0,1920
372,2020-11-08,5,0,27,NH,12488.0,247,350340.0,875
373,2020-03-08,70,0,46,HI,1.0,0,,0
374,2020-03-15,100,0,92,HI,2.0,0,,0
375,2020-03-22,77,51,100,HI,48.0,11,263.0,139
376,2020-03-29,59,100,99,HI,151.0,31,6849.0,2492
377,2020-04-05,66,0,72,HI,351.0,32,12604.0,645
378,2020-04-12,51,0,54,HI,486.0,21,17482.0,416
379,2020-04-19,41,49,46,HI,574.0,21,22896.0,1106
380,2020-04-26,22,0,42,HI,603.0,2,27880.0,441
381,2020-05-03,20,51,46,HI,620.0,1,32330.0,964
382,2020-05-10,18,0,37,HI,631.0,2,36639.0,1006
383,2020-05-17,15,0,38,HI,639.0,1,41035.0,790
384,2020-05-24,13,0,37,HI,643.0,1,48929.0,750
385,2020-05-31,10,0,24,HI,651.0,2,53969.0,604
386,2020-06-07,11,0,33,HI,673.0,9,53382.0,789
387,2020-06-14,12,0,34,HI,723.0,17,59599.0,967
388,2020-06-21,13,0,32,HI,803.0,14,67057.0,1112
389,2020-06-28,14,0,37,HI,872.0,6,74606.0,1171
390,2020-07-05,16,0,37,HI,999.0,24,83326.0,825
391,2020-07-12,15,0,33,HI,1200.0,42,92720.0,1644
392,2020-07-19,12,0,27,HI,1354.0,20,103281.0,1620
393,2020-07-26,13,0,32,HI,1620.0,71,112432.0,1191
394,2020-08-02,14,0,90,HI,2197.0,86,124444.0,3304
395,2020-08-09,14,0,37,HI,3346.0,231,138598.0,2467
396,2020-08-16,12,56,36,HI,4825.0,282,154474.0,2751
397,2020-08-23,10,0,31,HI,6356.0,284,169828.0,2350
398,2020-08-30,9,52,25,HI,8139.0,309,185796.0,2716
399,2020-09-06,9,0,26,HI,9693.0,220,220103.0,8185
400,2020-09-13,7,0,22,HI,10722.0,129,244811.0,5231
401,2020-09-20,6,0,17,HI,11485.0,109,268523.0,0
402,2020-09-27,8,58,20,HI,12197.0,127,279639.0,1563
403,2020-10-04,6,63,19,HI,12921.0,133,291228.0,1803
404,2020-10-11,5,66,14,HI,13569.0,71,295153.0,0
405,2020-10-18,5,0,16,HI,14143.0,96,295153.0,0
406,2020-10-25,5,0,15,HI,14758.0,89,295153.0,0
407,2020-11-01,4,55,16,HI,15284.0,68,295153.0,0
408,2020-11-08,6,0,20,HI,16051.0,128,295153.0,0
409,2020-03-08,69,32,35,WV,0.0,0,2.0,0
410,2020-03-15,100,46,80,WV,0.0,0,38.0,12
411,2020-03-22,87,59,100,WV,12.0,1,385.0,55
412,2020-03-29,67,29,94,WV,113.0,17,2705.0,374
413,2020-04-05,63,59,63,WV,324.0,42,8514.0,1110
414,2020-04-12,48,28,55,WV,611.0,34,15646.0,771
415,2020-04-19,38,28,43,WV,863.0,78,19168.0,513
416,2020-04-26,22,48,37,WV,1044.0,24,38019.0,6073
417,2020-05-03,19,57,37,WV,1191.0,22,50447.0,2470
418,2020-05-10,16,60,38,WV,1360.0,25,61284.0,1622
419,2020-05-17,13,30,33,WV,1490.0,33,74000.0,2064
420,2020-05-24,12,31,25,WV,1759.0,42,83935.0,1908
421,2020-05-31,9,31,21,WV,2010.0,36,95612.0,1696
422,2020-06-07,8,31,30,WV,2144.0,13,109663.0,2071
423,2020-06-14,9,0,33,WV,2289.0,30,128910.0,3652
424,2020-06-21,10,33,37,WV,2543.0,57,148046.0,2136
425,2020-06-28,12,0,33,WV,2817.0,56,163691.0,1797
426,2020-07-05,14,0,37,WV,3262.0,121,181559.0,3271
427,2020-07-12,13,0,40,WV,4207.0,133,202829.0,3080
428,2020-07-19,8,34,30,WV,5042.0,148,225946.0,5329
429,2020-07-26,8,0,28,WV,5960.0,139,255766.0,4673
430,2020-08-02,8,34,73,WV,6854.0,119,284358.0,3869
431,2020-08-09,6,0,27,WV,7694.0,131,315378.0,5021
432,2020-08-16,5,33,21,WV,8564.0,107,346775.0,4988
433,2020-08-23,5,32,16,WV,9272.0,87,386921.0,4248
434,2020-08-30,5,44,17,WV,10110.0,143,421012.0,4722
435,2020-09-06,6,33,19,WV,11412.0,123,446966.0,4774
436,2020-09-13,5,0,16,WV,12699.0,178,471065.0,4710
437,2020-09-20,5,0,17,WV,14054.0,180,500250.0,4638
438,2020-09-27,5,32,17,WV,15348.0,190,534375.0,7242
439,2020-10-04,4,100,20,WV,16628.0,160,573451.0,7214
440,2020-10-11,4,34,19,WV,18128.0,215,615814.0,5721
441,2020-10-18,4,35,17,WV,20081.0,280,660791.0,8231
442,2020-10-25,4,34,16,WV,21906.0,194,701301.0,7323
443,2020-11-01,3,0,15,WV,24883.0,423,762703.0,8669
444,2020-11-08,5,59,18,WV,28404.0,662,821057.0,11095
445,2020-02-16,4,23,1,NJ,,0,,0
446,2020-02-23,17,17,4,NJ,,0,,0
447,2020-03-01,38,33,12,NJ,,0,,0
448,2020-03-08,86,40,43,NJ,6.0,2,31.0,31
449,2020-03-15,100,79,80,NJ,98.0,48,120.0,23
450,2020-03-22,74,87,91,NJ,1914.0,587,327.0,33
451,2020-03-29,60,93,91,NJ,13386.0,2262,22216.0,2830
452,2020-04-05,61,53,78,NJ,37505.0,3381,44661.0,3429
453,2020-04-12,50,100,62,NJ,61850.0,3699,64885.0,2843
454,2020-04-19,38,50,54,NJ,85301.0,3881,85387.0,4271
455,2020-04-26,22,54,43,NJ,109038.0,3515,114106.0,5943
456,2020-05-03,20,45,45,NJ,126744.0,3027,148322.0,9727
457,2020-05-10,18,28,41,NJ,138532.0,1447,173915.0,5794
458,2020-05-17,15,47,35,NJ,146334.0,1245,341231.0,11096
459,2020-05-24,13,24,32,NJ,154154.0,1050,449653.0,24022
460,2020-05-31,10,21,28,NJ,160445.0,837,585700.0,0
461,2020-06-07,10,43,34,NJ,164164.0,271,796261.0,17138
462,2020-06-14,10,25,40,NJ,166881.0,276,930735.0,19125
463,2020-06-21,11,16,40,NJ,169142.0,308,1075825.0,25786
464,2020-06-28,12,39,39,NJ,171182.0,309,1216651.0,20274
465,2020-07-05,12,31,38,NJ,173402.0,369,1361238.0,25723
466,2020-07-12,12,43,39,NJ,175298.0,339,1510306.0,23981
467,2020-07-19,9,24,38,NJ,176783.0,-31,1614354.0,9718
468,2020-07-26,9,21,35,NJ,179363.0,505,1773926.0,64627
469,2020-08-02,7,57,100,NJ,182350.0,321,1963528.0,48859
470,2020-08-09,6,24,27,NJ,184773.0,344,2117079.0,48716
471,2020-08-16,6,38,24,NJ,187455.0,13,2302731.0,28790
472,2020-08-23,5,16,22,NJ,189494.0,258,2459504.0,0
473,2020-08-30,5,40,21,NJ,191611.0,291,2644723.0,28296
474,2020-09-06,4,16,21,NJ,194058.0,311,2808249.0,36949
475,2020-09-13,4,15,21,NJ,196634.0,297,2971896.0,26998
476,2020-09-20,4,38,20,NJ,199762.0,453,3153029.0,59961
477,2020-09-27,5,25,23,NJ,203548.0,698,3309718.0,0
478,2020-10-04,5,23,20,NJ,208202.0,626,3525892.0,60394
479,2020-10-11,4,19,18,NJ,213628.0,751,3701144.0,0
480,2020-10-18,5,44,21,NJ,220013.0,1275,3918858.0,1800
481,2020-10-25,6,31,23,NJ,228468.0,1129,4157414.0,44859
482,2020-11-01,4,24,17,NJ,239629.0,1743,4418220.0,0
483,2020-11-08,6,36,27,NJ,254595.0,2013,4711048.0,0
484,2020-03-08,68,0,39,IA,0.0,0,15.0,0
485,2020-03-15,100,100,97,IA,18.0,1,83.0,0
486,2020-03-22,75,36,100,IA,90.0,22,1215.0,166
487,2020-03-29,60,37,94,IA,336.0,38,5013.0,638
488,2020-04-05,58,0,76,IA,868.0,82,9973.0,519
489,2020-04-12,47,71,55,IA,1587.0,77,16005.0,383
490,2020-04-19,40,53,46,IA,2902.0,389,21648.0,1214
491,2020-04-26,25,0,36,IA,5476.0,384,30614.0,1356
492,2020-05-03,22,53,38,IA,9169.0,528,44017.0,6309
493,2020-05-10,19,0,38,IA,11959.0,288,62215.0,2410
494,2020-05-17,15,0,33,IA,14651.0,323,85590.0,3618
495,2020-05-24,13,57,28,IA,17252.0,359,110504.0,3456
496,2020-05-31,9,73,23,IA,19552.0,308,136744.0,5565
497,2020-06-07,8,0,24,IA,21667.0,189,166525.0,3289
498,2020-06-14,9,0,30,IA,23926.0,209,200708.0,4817
499,2020-06-21,11,78,36,IA,25963.0,467,231189.0,6478
500,2020-06-28,12,61,33,IA,28489.0,477,267426.0,5686
501,2020-07-05,12,80,32,IA,31353.0,312,301119.0,3149
502,2020-07-12,12,0,33,IA,35071.0,424,339342.0,5628
503,2020-07-19,10,41,32,IA,38723.0,816,376768.0,10946
504,2020-07-26,8,41,33,IA,42200.0,529,408399.0,3807
505,2020-08-02,7,0,74,IA,45492.0,516,438626.0,4632
506,2020-08-09,6,0,24,IA,48789.0,506,470021.0,4757
507,2020-08-16,6,0,24,IA,52428.0,635,498765.0,4484
508,2020-08-23,6,55,22,IA,56275.0,540,525701.0,3081
509,2020-08-30,7,0,23,IA,62720.0,971,554375.0,3545
510,2020-09-06,5,37,20,IA,68291.0,649,584646.0,3777
511,2020-09-13,4,37,17,IA,72490.0,784,610955.0,3771
512,2020-09-20,4,37,17,IA,77679.0,621,640600.0,3883
513,2020-09-27,4,79,19,IA,83636.0,692,670987.0,3033
514,2020-10-04,5,42,16,IA,89096.0,626,696471.0,3632
515,2020-10-11,4,46,14,IA,95346.0,1075,724114.0,4307
516,2020-10-18,4,0,14,IA,101960.0,857,730576.0,3795
517,2020-10-25,5,0,17,IA,109657.0,1143,753704.0,2799
518,2020-11-01,5,73,14,IA,121967.0,2212,775208.0,4531
519,2020-11-08,7,58,27,IA,140541.0,3313,795298.0,4267
520,2020-03-01,29,27,14,VA,,0,,0
521,2020-03-08,78,68,47,VA,2.0,2,36.0,5
522,2020-03-15,100,61,87,VA,45.0,15,363.0,246
523,2020-03-22,76,76,94,VA,219.0,67,3118.0,480
524,2020-03-29,62,66,95,VA,890.0,151,9719.0,1292
525,2020-04-05,59,86,77,VA,2637.0,230,21034.0,1889
526,2020-04-12,47,58,57,VA,5274.0,197,34711.0,1789
527,2020-04-19,37,49,48,VA,8537.0,484,46196.0,2318
528,2020-04-26,22,37,46,VA,12970.0,604,63630.0,3354
529,2020-05-03,20,75,42,VA,18671.0,940,89331.0,4966
530,2020-05-10,18,76,42,VA,24081.0,885,118974.0,5021
531,2020-05-17,15,25,36,VA,30388.0,705,159973.0,4088
532,2020-05-24,13,52,30,VA,36244.0,495,207841.0,11120
533,2020-05-31,9,58,28,VA,44607.0,996,270784.0,8883
534,2020-06-07,9,26,35,VA,50681.0,1284,329135.0,7401
535,2020-06-14,9,53,37,VA,54506.0,637,414494.0,8370
536,2020-06-21,11,63,37,VA,57994.0,551,487682.0,13721
537,2020-06-28,11,42,37,VA,61736.0,489,566592.0,9913
538,2020-07-05,11,47,35,VA,65748.0,639,643607.0,9487
539,2020-07-12,12,37,40,VA,70670.0,888,733375.0,16822
540,2020-07-19,9,97,37,VA,77430.0,1057,829933.0,16605
541,2020-07-26,8,72,35,VA,84567.0,958,943673.0,16839
542,2020-08-02,7,53,100,VA,91782.0,981,1048244.0,11684
543,2020-08-09,6,82,29,VA,100086.0,897,1144172.0,20333
544,2020-08-16,5,45,22,VA,106687.0,937,1247161.0,15671
545,2020-08-23,5,62,20,VA,112966.0,894,1357921.0,11518
546,2020-08-30,4,44,20,VA,119747.0,938,1453680.0,11816
547,2020-09-06,4,76,21,VA,126926.0,1199,1543158.0,11329
548,2020-09-13,4,74,21,VA,133814.0,874,1632424.0,15254
549,2020-09-20,4,100,17,VA,140511.0,856,1748306.0,14606
550,2020-09-27,4,53,19,VA,146144.0,736,1864395.0,9224
551,2020-10-04,4,36,17,VA,151870.0,1067,1970955.0,0
552,2020-10-11,3,73,16,VA,158716.0,811,2107189.0,17918
553,2020-10-18,3,58,15,VA,166138.0,900,2230940.0,19628
554,2020-10-25,4,59,15,VA,173371.0,999,2348445.0,20271
555,2020-11-01,3,52,13,VA,182392.0,1202,2478984.0,20635
556,2020-11-08,4,40,18,VA,192175.0,1302,2610887.0,19721
557,2020-03-08,73,32,42,NM,0.0,0,48.0,0
558,2020-03-15,100,33,87,NM,13.0,3,482.0,245
559,2020-03-22,80,32,100,NM,57.0,0,4722.0,951
560,2020-03-29,64,0,97,NM,237.0,46,10769.0,1573
561,2020-04-05,63,32,85,NM,543.0,48,16285.0,1148
562,2020-04-12,49,0,61,NM,1174.0,83,27518.0,1511
563,2020-04-19,39,31,52,NM,1798.0,87,34834.0,932
564,2020-04-26,23,0,45,NM,2660.0,139,51075.0,2086
565,2020-05-03,22,32,47,NM,3732.0,219,71212.0,3607
566,2020-05-10,20,32,41,NM,4778.0,105,92275.0,3686
567,2020-05-17,15,66,38,NM,5857.0,195,122727.0,3931
568,2020-05-24,13,0,33,NM,6795.0,170,162324.0,10566
569,2020-05-31,10,31,27,NM,7624.0,131,186823.0,6055
570,2020-06-07,10,0,37,NM,8800.0,128,220347.0,4379
571,2020-06-14,10,0,32,NM,9621.0,95,249373.0,3615
572,2020-06-21,12,100,41,NM,10565.0,305,282866.0,8524
573,2020-06-28,14,0,48,NM,11619.0,211,311340.0,2110
574,2020-07-05,14,33,45,NM,13063.0,287,359225.0,8627
575,2020-07-12,13,34,42,NM,14773.0,224,395981.0,6949
576,2020-07-19,10,0,31,NM,16736.0,280,443928.0,8086
577,2020-07-26,8,34,35,NM,18788.0,313,493637.0,6935
578,2020-08-02,7,34,86,NM,20796.0,196,545090.0,7678
579,2020-08-09,6,67,32,NM,22115.0,150,598013.0,7124
580,2020-08-16,5,0,21,NM,23302.0,142,641989.0,6107
581,2020-08-23,4,0,22,NM,24302.0,207,680860.0,0
582,2020-08-30,5,32,23,NM,25178.0,136,727344.0,5109
583,2020-09-06,4,33,19,NM,26048.0,146,761763.0,5621
584,2020-09-13,4,32,14,NM,26661.0,98,790609.0,5122
585,2020-09-20,4,0,20,NM,27512.0,162,829944.0,6331
586,2020-09-27,5,0,17,NM,28692.0,205,871245.0,6243
587,2020-10-04,6,0,21,NM,30296.0,296,911216.0,5815
588,2020-10-11,7,0,23,NM,32722.0,481,956930.0,9118
589,2020-10-18,7,0,26,NM,36343.0,573,1010384.0,10303
590,2020-10-25,7,0,27,NM,41040.0,872,1068055.0,8739
591,2020-11-01,5,31,19,NM,46490.0,581,1126230.0,10252
592,2020-11-08,7,0,33,NM,53671.0,1277,1197053.0,10872
593,2020-03-08,78,0,42,WY,0.0,0,,0
594,2020-03-15,100,0,86,WY,3.0,1,,0
595,2020-03-22,87,0,100,WY,24.0,1,438.0,0
596,2020-03-29,74,0,80,WY,86.0,4,1554.0,79
597,2020-04-05,64,0,66,WY,197.0,10,3040.0,95
598,2020-04-12,48,0,53,WY,364.0,21,5198.0,0
599,2020-04-19,38,85,39,WY,426.0,4,6972.0,755
600,2020-04-26,23,0,33,WY,502.0,11,7797.0,0
601,2020-05-03,20,0,33,WY,586.0,7,9640.0,177
602,2020-05-10,17,0,31,WY,662.0,9,11403.0,0
603,2020-05-17,13,0,26,WY,754.0,13,16331.0,653
604,2020-05-24,11,0,28,WY,838.0,25,19221.0,0
605,2020-05-31,9,0,20,WY,903.0,5,23490.0,305
606,2020-06-07,9,94,27,WY,947.0,8,27804.0,235
607,2020-06-14,9,0,26,WY,1060.0,10,32005.0,0
608,2020-06-21,11,0,33,WY,1197.0,18,26162.0,0
609,2020-06-28,12,0,31,WY,1417.0,25,30406.0,0
610,2020-07-05,12,0,29,WY,1634.0,28,33693.0,0
611,2020-07-12,12,0,25,WY,1862.0,23,38077.0,0
612,2020-07-19,10,0,28,WY,2126.0,18,41927.0,0
613,2020-07-26,8,96,26,WY,2475.0,29,45823.0,0
614,2020-08-02,8,0,59,WY,2808.0,39,50573.0,0
615,2020-08-09,6,96,20,WY,3050.0,37,53625.0,0
616,2020-08-16,5,0,16,WY,3286.0,59,56809.0,0
617,2020-08-23,5,0,14,WY,3579.0,36,61313.0,0
618,2020-08-30,5,0,17,WY,3820.0,36,71473.0,0
619,2020-09-06,5,0,14,WY,4032.0,26,74312.0,0
620,2020-09-13,4,0,20,WY,4346.0,49,82091.0,0
621,2020-09-20,5,0,18,WY,4871.0,91,87560.0,0
622,2020-09-27,5,100,17,WY,5633.0,168,92406.0,0
623,2020-10-04,6,0,17,WY,6504.0,139,97064.0,0
624,2020-10-11,5,0,12,WY,7611.0,156,103176.0,0
625,2020-10-18,5,0,20,WY,9025.0,209,108754.0,0
626,2020-10-25,6,0,25,WY,11041.0,236,113686.0,0
627,2020-11-01,4,90,12,WY,13723.0,425,117262.0,0
628,2020-11-08,7,0,24,WY,17310.0,713,123769.0,0
629,2020-03-08,69,0,40,ID,0.0,0,27.0,0
630,2020-03-15,100,0,98,ID,5.0,3,174.0,0
631,2020-03-22,84,100,100,ID,42.0,11,1175.0,295
632,2020-03-29,65,47,92,ID,261.0,31,4021.0,679
633,2020-04-05,61,65,71,ID,1077.0,64,9184.0,1327
634,2020-04-12,46,0,48,ID,1407.0,11,12901.0,533
635,2020-04-19,34,48,41,ID,1668.0,13,15773.0,481
636,2020-04-26,22,0,34,ID,1887.0,17,17611.0,0
637,2020-05-03,18,0,35,ID,2061.0,26,27746.0,291
638,2020-05-10,16,50,36,ID,2230.0,25,29912.0,311
639,2020-05-17,13,50,27,ID,2419.0,30,34253.0,954
640,2020-05-24,12,0,25,ID,2626.0,31,38780.0,766
641,2020-05-31,9,0,28,ID,2839.0,36,43858.0,1237
642,2020-06-07,9,0,28,ID,3139.0,28,52902.0,774
643,2020-06-14,10,53,32,ID,3399.0,46,59581.0,276
644,2020-06-21,15,0,39,ID,4006.0,135,68962.0,1637
645,2020-06-28,16,0,35,ID,5319.0,171,81026.0,2118
646,2020-07-05,16,0,40,ID,7370.0,376,96896.0,2823
647,2020-07-12,16,0,41,ID,10505.0,577,114756.0,2335
648,2020-07-19,12,0,43,ID,14302.0,550,131884.0,3131
649,2020-07-26,11,0,39,ID,17827.0,563,148397.0,2221
650,2020-08-02,10,56,70,ID,21114.0,393,163185.0,2033
651,2020-08-09,8,57,29,ID,24495.0,573,180336.0,1287
652,2020-08-16,7,55,25,ID,27477.0,304,195745.0,1906
653,2020-08-23,6,0,18,ID,29662.0,293,207618.0,1134
654,2020-08-30,6,0,24,ID,31677.0,293,222648.0,2982
655,2020-09-06,6,0,18,ID,33477.0,281,233695.0,1246
656,2020-09-13,5,0,17,ID,35167.0,217,241956.0,1296
657,2020-09-20,5,0,19,ID,37247.0,288,252681.0,1445
658,2020-09-27,6,58,23,ID,40296.0,539,264485.0,2065
659,2020-10-04,6,87,21,ID,43702.0,464,276876.0,1571
660,2020-10-11,6,0,19,ID,47701.0,613,291069.0,2367
661,2020-10-18,6,63,17,ID,52582.0,878,303558.0,1126
662,2020-10-25,7,62,21,ID,58694.0,1021,316833.0,1688
663,2020-11-01,4,0,17,ID,64608.0,798,329583.0,1503
664,2020-11-08,5,80,23,ID,72312.0,1403,343409.0,1431
665,2020-03-08,70,41,37,NV,4.0,0,14.0,0
666,2020-03-15,100,67,96,NV,45.0,11,168.0,0
667,2020-03-22,71,41,93,NV,154.0,30,2448.0,64
668,2020-03-29,64,100,98,NV,738.0,117,8412.0,511
669,2020-04-05,64,40,83,NV,1836.0,94,14995.0,574
670,2020-04-12,49,0,72,NV,2836.0,136,21775.0,888
671,2020-04-19,39,39,57,NV,3728.0,102,27870.0,745
672,2020-04-26,23,78,57,NV,4602.0,63,33584.0,915
673,2020-05-03,20,39,46,NV,5423.0,112,39843.0,767
674,2020-05-10,18,79,52,NV,6098.0,70,52711.0,2628
675,2020-05-17,14,40,42,NV,6857.0,148,73780.0,6778
676,2020-05-24,12,82,38,NV,7770.0,74,102511.0,3160
677,2020-05-31,9,78,33,NV,8593.0,98,133967.0,3930
678,2020-06-07,9,39,36,NV,9649.0,189,166048.0,3737
679,2020-06-14,10,0,44,NV,11173.0,227,199438.0,5504
680,2020-06-21,13,42,50,NV,13205.0,274,228486.0,2454
681,2020-06-28,14,42,58,NV,17160.0,821,250420.0,3733
682,2020-07-05,15,43,51,NV,22418.0,843,285279.0,5625
683,2020-07-12,13,0,60,NV,27683.0,845,319873.0,5478
684,2020-07-19,11,43,53,NV,35765.0,1288,354023.0,5963
685,2020-07-26,9,0,45,NV,42834.0,1018,396088.0,7383
686,2020-08-02,7,43,100,NV,50205.0,1131,431914.0,6768
687,2020-08-09,7,85,34,NV,56230.0,811,461374.0,3774
688,2020-08-16,6,42,30,NV,61305.0,697,486158.0,3916
689,2020-08-23,5,39,24,NV,65601.0,532,508628.0,3571
690,2020-08-30,5,39,28,NV,68908.0,447,526777.0,2717
691,2020-09-06,4,0,24,NV,71610.0,508,547872.0,5970
692,2020-09-13,4,58,22,NV,73537.0,317,568538.0,3856
693,2020-09-20,4,40,27,NV,75804.0,385,589380.0,4113
694,2020-09-27,4,64,23,NV,78728.0,373,610228.0,2905
695,2020-10-04,4,0,19,NV,82100.0,392,631289.0,2787
696,2020-10-11,4,48,22,NV,85779.0,380,652525.0,2981
697,2020-10-18,4,48,17,NV,90261.0,609,669247.0,3665
698,2020-10-25,5,0,22,NV,95703.0,891,692166.0,3271
699,2020-11-01,3,0,18,NV,101479.0,716,711711.0,3987
700,2020-11-08,5,63,32,NV,110022.0,1276,736226.0,2968
701,2020-03-08,72,78,43,IL,6.0,0,191.0,0
702,2020-03-15,100,76,100,IL,64.0,18,449.0,133
703,2020-03-22,72,100,97,IL,1049.0,296,7271.0,1783
704,2020-03-29,61,93,98,IL,4596.0,1105,23166.0,1166
705,2020-04-05,60,45,80,IL,11256.0,899,47727.0,4503
706,2020-04-12,47,47,63,IL,20852.0,1672,79883.0,6914
707,2020-04-19,40,51,55,IL,30357.0,1197,112961.0,4717
708,2020-04-26,23,26,46,IL,43903.0,2126,171049.0,11209
709,2020-05-03,20,22,44,IL,61499.0,2994,257814.0,16423
710,2020-05-10,19,14,42,IL,77741.0,1656,352243.0,11997
711,2020-05-17,15,32,37,IL,94191.0,1734,487753.0,18561
712,2020-05-24,13,57,34,IL,110304.0,2508,637617.0,23166
713,2020-05-31,9,23,27,IL,120260.0,1343,777999.0,19811
714,2020-06-07,10,56,34,IL,127757.0,867,915017.0,19833
715,2020-06-14,10,34,39,IL,133404.0,672,1058442.0,21368
716,2020-06-21,11,51,39,IL,137762.0,658,1224022.0,23158
717,2020-06-28,13,45,38,IL,142776.0,646,1403255.0,23143
718,2020-07-05,13,30,39,IL,148373.0,639,1614455.0,26596
719,2020-07-12,13,40,44,IL,155048.0,954,1829066.0,37940
720,2020-07-19,10,20,43,IL,162750.0,965,2082936.0,31148
721,2020-07-26,9,30,38,IL,172666.0,1541,2340143.0,39303
722,2020-08-02,8,25,99,IL,183224.0,1467,2596379.0,37478
723,2020-08-09,7,23,32,IL,195380.0,1382,2879908.0,39972
724,2020-08-16,6,34,28,IL,207413.0,1562,3160770.0,35527
725,2020-08-23,5,37,24,IL,221595.0,1893,3483858.0,52458
726,2020-08-30,5,42,23,IL,235057.0,1992,3783427.0,41701
727,2020-09-06,5,23,22,IL,251508.0,1403,4168792.0,45093
728,2020-09-13,4,28,21,IL,263466.0,1462,4474495.0,45428
729,2020-09-20,4,38,19,IL,276456.0,1402,4830895.0,46609
730,2020-09-27,5,25,21,IL,290419.0,1604,5191580.0,49218
731,2020-10-04,4,46,20,IL,304280.0,1453,5584877.0,50203
732,2020-10-11,4,39,19,IL,322188.0,2727,5988532.0,61320
733,2020-10-18,6,67,22,IL,347635.0,4245,6431505.0,75051
734,2020-10-25,7,34,24,IL,378969.0,4062,6894696.0,68035
735,2020-11-01,5,33,20,IL,423539.0,6980,7391023.0,71478
736,2020-11-08,7,34,27,IL,487987.0,10009,7916317.0,80748
737,2020-03-08,84,63,41,NY,105.0,29,92.0,0
738,2020-03-15,100,51,73,NY,729.0,205,4543.0,1764
739,2020-03-22,75,80,82,NY,15168.0,4812,46233.0,11152
740,2020-03-29,57,100,80,NY,59513.0,7195,112847.0,9231
741,2020-04-05,57,48,67,NY,122031.0,8327,180249.0,10332
742,2020-04-12,46,54,54,NY,188694.0,8236,272907.0,12385
743,2020-04-19,37,56,49,NY,242786.0,6054,374769.0,14969
744,2020-04-26,21,37,40,NY,288045.0,5902,517305.0,21880
745,2020-05-03,19,35,40,NY,316415.0,3438,669496.0,23402
746,2020-05-10,18,29,39,NY,335395.0,2273,847603.0,26957
747,2020-05-17,14,36,35,NY,350121.0,1889,1063275.0,32790
748,2020-05-24,12,37,31,NY,361515.0,1589,1338311.0,46176
749,2020-05-31,9,28,25,NY,370770.0,1110,1693055.0,57334
750,2020-06-07,9,26,32,NY,378097.0,781,2119745.0,59654
751,2020-06-14,9,23,36,NY,383324.0,694,2551275.0,61665
752,2020-06-21,10,23,37,NY,387936.0,664,3007383.0,66862
753,2020-06-28,11,43,35,NY,392539.0,616,3423946.0,61290
754,2020-07-05,10,38,33,NY,397131.0,533,3836672.0,62882
755,2020-07-12,10,27,35,NY,401706.0,677,4271489.0,61741
756,2020-07-19,8,46,34,NY,406807.0,502,4708663.0,45702
757,2020-07-26,7,41,32,NY,411736.0,536,5158143.0,53032
758,2020-08-02,6,31,100,NY,416298.0,531,5614637.0,58430
759,2020-08-09,5,27,28,NY,420860.0,515,6088784.0,65297
760,2020-08-16,5,20,24,NY,425508.0,607,6642688.0,77085
761,2020-08-23,4,40,21,NY,429737.0,572,7191422.0,73471
762,2020-08-30,4,14,22,NY,434100.0,698,7762692.0,99324
763,2020-09-06,4,34,21,NY,439501.0,729,8356743.0,84901
764,2020-09-13,4,30,20,NY,444365.0,725,8873928.0,71943
765,2020-09-20,4,19,20,NY,449900.0,862,9472546.0,99493
766,2020-09-27,5,17,24,NY,455626.0,866,10052560.0,83904
767,2020-10-04,5,39,18,NY,464582.0,1222,10756038.0,109107
768,2020-10-11,4,24,18,NY,474286.0,1143,11565287.0,117111
769,2020-10-18,4,19,17,NY,484281.0,1390,12415885.0,127373
770,2020-10-25,4,43,18,NY,495464.0,1632,13256659.0,119198
771,2020-11-01,3,10,14,NY,509735.0,2255,14166918.0,146680
772,2020-11-08,5,24,22,NY,529036.0,3428,15135778.0,142214
773,2020-03-01,23,0,8,IN,,0,,0
774,2020-03-08,74,51,44,IN,2.0,1,,0
775,2020-03-15,100,38,97,IN,19.0,4,102.0,28
776,2020-03-22,76,87,100,IN,201.0,75,1293.0,586
777,2020-03-29,62,25,98,IN,1514.0,282,8316.0,1141
778,2020-04-05,57,98,76,IN,4411.0,458,18241.0,2394
779,2020-04-12,45,68,54,IN,7928.0,493,34561.0,2781
780,2020-04-19,36,23,47,IN,11210.0,569,49932.0,3700
781,2020-04-26,23,23,38,IN,15012.0,617,66696.0,1317
782,2020-05-03,18,23,40,IN,19933.0,638,88926.0,4080
783,2020-05-10,16,60,38,IN,24126.0,394,115903.0,3949
784,2020-05-17,13,37,32,IN,27778.0,498,149465.0,5387
785,2020-05-24,11,52,28,IN,31376.0,475,189425.0,5393
786,2020-05-31,9,51,24,IN,34574.0,363,226972.0,4788
787,2020-06-07,8,26,27,IN,37397.0,400,266866.0,6333
788,2020-06-14,8,0,35,IN,39909.0,366,308482.0,7388
789,2020-06-21,9,40,38,IN,42423.0,362,369497.0,9756
790,2020-06-28,10,28,37,IN,44930.0,355,425605.0,7163
791,2020-07-05,11,56,33,IN,48008.0,576,473714.0,8858
792,2020-07-12,11,42,41,IN,51612.0,533,513035.0,5968
793,2020-07-19,10,28,42,IN,56571.0,917,570309.0,11508
794,2020-07-26,8,28,37,IN,62372.0,852,638939.0,10185
795,2020-08-02,7,27,87,IN,67857.0,735,701186.0,9702
796,2020-08-09,6,27,28,IN,74328.0,1041,766797.0,11618
797,2020-08-16,5,52,25,IN,80415.0,739,826436.0,8497
798,2020-08-23,4,37,21,IN,85932.0,615,891870.0,7541
799,2020-08-30,4,25,22,IN,93313.0,879,972043.0,8684
800,2020-09-06,4,39,19,IN,99804.0,843,1039064.0,8947
801,2020-09-13,3,100,17,IN,105804.0,1243,1133180.0,30761
802,2020-09-20,3,76,18,IN,111505.0,746,1190435.0,8579
803,2020-09-27,4,53,16,IN,117450.0,901,1241410.0,7569
804,2020-10-04,4,27,17,IN,125146.0,1087,1292917.0,8501
805,2020-10-11,4,30,21,IN,134981.0,1570,1351201.0,9973
806,2020-10-18,5,29,21,IN,147582.0,1605,1407855.0,7905
807,2020-10-25,5,29,21,IN,162607.0,2153,1466861.0,8984
808,2020-11-01,4,24,16,IN,182108.0,2750,1527836.0,8186
809,2020-11-08,6,39,26,IN,210374.0,4652,1599566.0,10890
810,2020-03-08,77,48,42,OH,0.0,0,10.0,1
811,2020-03-15,100,100,91,OH,36.0,23,139.0,89
812,2020-03-22,74,87,97,OH,351.0,104,140.0,0
813,2020-03-29,58,70,87,OH,1653.0,247,19012.0,0
814,2020-04-05,57,51,70,OH,4043.0,304,39713.0,1581
815,2020-04-12,43,69,56,OH,6604.0,354,56639.0,2418
816,2020-04-19,36,44,46,OH,11602.0,1380,75697.0,6878
817,2020-04-26,21,27,45,OH,15963.0,376,100423.0,4027
818,2020-05-03,18,54,39,OH,19914.0,579,130252.0,3768
819,2020-05-10,16,50,40,OH,24081.0,384,180781.0,7808
820,2020-05-17,13,60,33,OH,27923.0,449,236539.0,17311
821,2020-05-24,11,45,31,OH,31911.0,503,292642.0,7556
822,2020-05-31,9,37,26,OH,35513.0,479,355395.0,8482
823,2020-06-07,8,49,32,OH,38476.0,365,430548.0,10133
824,2020-06-14,9,15,40,OH,41148.0,300,505072.0,7022
825,2020-06-21,11,41,42,OH,44808.0,546,598413.0,12710
826,2020-06-28,14,33,44,OH,50309.0,854,706456.0,11072
827,2020-07-05,14,56,45,OH,57151.0,968,811611.0,19424
828,2020-07-12,14,61,47,OH,65592.0,1378,940794.0,21973
829,2020-07-19,11,32,42,OH,74932.0,1110,1087982.0,23368
830,2020-07-26,10,33,38,OH,84073.0,889,1242358.0,31720
831,2020-08-02,8,43,100,OH,93031.0,944,1424515.0,23699
832,2020-08-09,7,49,30,OH,100848.0,879,1567700.0,23176
833,2020-08-16,6,22,25,OH,108287.0,613,1721358.0,26682
834,2020-08-23,5,23,22,OH,114802.0,637,1869087.0,22624
835,2020-08-30,5,16,22,OH,122262.0,922,2074598.0,24812
836,2020-09-06,5,30,21,OH,130558.0,773,2273677.0,25552
837,2020-09-13,4,36,19,OH,137405.0,837,2456425.0,25982
838,2020-09-20,4,32,18,OH,144309.0,762,2680988.0,35840
839,2020-09-27,4,32,17,OH,150809.0,800,2920378.0,36400
840,2020-10-04,4,33,18,OH,158907.0,941,3197768.0,36959
841,2020-10-11,5,36,20,OH,168749.0,1291,3454572.0,38173
842,2020-10-18,6,36,21,OH,181787.0,1562,3718862.0,44688
843,2020-10-25,6,18,22,OH,198115.0,2309,4001342.0,47379
844,2020-11-01,4,54,18,OH,219000.0,3303,4305758.0,49775
845,2020-11-08,7,69,28,OH,250268.0,4541,4618192.0,55011
846,2020-03-08,66,56,34,KS,1.0,1,11.0,0
847,2020-03-15,100,70,100,KS,8.0,2,135.0,42
848,2020-03-22,73,53,94,KS,64.0,9,417.0,0
849,2020-03-29,57,38,85,KS,319.0,58,4194.0,523
850,2020-04-05,56,51,68,KS,747.0,49,7476.0,596
851,2020-04-12,43,24,50,KS,1337.0,69,11916.0,841
852,2020-04-19,35,25,44,KS,1849.0,59,16281.0,395
853,2020-04-26,21,38,37,KS,3174.0,118,23053.0,910
854,2020-05-03,18,0,37,KS,5030.0,284,31748.0,1552
855,2020-05-10,17,26,41,KS,6948.0,197,45557.0,2375
856,2020-05-17,13,0,31,KS,7886.0,0,53706.0,0
857,2020-05-24,10,41,27,KS,8958.0,0,67476.0,0
858,2020-05-31,8,0,21,KS,9719.0,0,85230.0,0
859,2020-06-07,8,28,27,KS,10393.0,0,103260.0,0
860,2020-06-14,8,28,33,KS,11047.0,0,118105.0,0
861,2020-06-21,11,29,38,KS,12059.0,0,135590.0,0
862,2020-06-28,12,30,42,KS,13538.0,0,154321.0,0
863,2020-07-05,11,28,35,KS,15919.0,0,175642.0,0
864,2020-07-12,11,29,37,KS,18611.0,0,199168.0,0
865,2020-07-19,9,0,36,KS,21965.0,0,227388.0,0
866,2020-07-26,7,30,29,KS,25109.0,0,252858.0,0
867,2020-08-02,7,31,78,KS,27812.0,0,264695.0,0
868,2020-08-09,5,30,27,KS,30638.0,0,285874.0,0
869,2020-08-16,5,30,25,KS,33885.0,0,309158.0,0
870,2020-08-23,5,0,22,KS,36856.0,0,329459.0,0
871,2020-08-30,4,28,20,KS,41048.0,0,362099.0,0
872,2020-09-06,4,28,18,KS,45220.0,0,381985.0,0
873,2020-09-13,4,0,16,KS,48386.0,0,400544.0,0
874,2020-09-20,3,28,15,KS,52285.0,0,422464.0,0
875,2020-09-27,4,0,17,KS,56592.0,0,446178.0,0
876,2020-10-04,3,30,16,KS,61111.0,0,470006.0,0
877,2020-10-11,3,100,19,KS,65807.0,0,494382.0,0
878,2020-10-18,3,32,15,KS,70855.0,0,518334.0,0
879,2020-10-25,3,32,17,KS,76230.0,0,540032.0,0
880,2020-11-01,3,0,13,KS,85181.0,0,557601.0,0
881,2020-11-08,4,42,21,KS,97633.0,0,578687.0,0
882,2020-03-08,61,15,32,OK,1.0,0,8.0,8
883,2020-03-15,100,32,85,OK,9.0,5,118.0,82
884,2020-03-22,84,35,100,OK,67.0,14,669.0,109
885,2020-03-29,66,15,93,OK,429.0,52,1205.0,25
886,2020-04-05,62,29,74,OK,1252.0,93,1401.0,39
887,2020-04-12,47,14,49,OK,1970.0,102,20790.0,0
888,2020-04-19,36,21,39,OK,2599.0,29,32966.0,0
889,2020-04-26,19,29,32,OK,3253.0,60,49891.0,0
890,2020-05-03,17,15,31,OK,3972.0,121,59804.0,0
891,2020-05-10,15,30,31,OK,4589.0,99,91379.0,0
892,2020-05-17,12,16,30,OK,5310.0,73,118162.0,0
893,2020-05-24,10,16,24,OK,6037.0,77,154943.0,0
894,2020-05-31,8,31,21,OK,6506.0,88,186700.0,0
895,2020-06-07,9,16,29,OK,7150.0,147,214598.0,0
896,2020-06-14,10,16,38,OK,8231.0,158,242587.0,4221
897,2020-06-21,12,16,44,OK,10515.0,478,271925.0,0
898,2020-06-28,12,16,34,OK,12944.0,302,313021.0,0
899,2020-07-05,12,17,40,OK,15928.0,283,348789.0,0
900,2020-07-12,13,100,43,OK,20235.0,456,400037.0,0
901,2020-07-19,10,28,37,OK,25265.0,209,450675.0,0
902,2020-07-26,9,17,31,OK,31285.0,1204,535628.0,0
903,2020-08-02,7,33,72,OK,38225.0,494,599461.0,0
904,2020-08-09,6,22,28,OK,43566.0,486,650485.0,0
905,2020-08-16,5,22,21,OK,48342.0,544,706619.0,0
906,2020-08-23,4,31,18,OK,53165.0,566,759335.0,0
907,2020-08-30,5,0,18,OK,58020.0,667,806545.0,0
908,2020-09-06,4,16,16,OK,63607.0,420,860086.0,0
909,2020-09-13,4,15,18,OK,69354.0,695,920176.0,0
910,2020-09-20,4,0,16,OK,76807.0,1003,995697.0,0
911,2020-09-27,4,0,18,OK,83510.0,0,1075475.0,0
912,2020-10-04,4,51,17,OK,91317.0,569,1157074.0,0
913,2020-10-11,4,25,15,OK,99387.0,766,1240518.0,0
914,2020-10-18,4,31,15,OK,107299.0,796,1327532.0,0
915,2020-10-25,4,0,14,OK,116736.0,1051,1417024.0,0
916,2020-11-01,3,15,13,OK,124111.0,1349,1494632.0,0
917,2020-11-08,5,24,25,OK,136258.0,4507,1571321.0,0
918,2020-03-08,79,42,40,KY,1.0,0,13.0,4
919,2020-03-15,100,40,88,KY,16.0,2,139.0,0
920,2020-03-22,78,80,100,KY,99.0,45,1472.0,758
921,2020-03-29,61,40,87,KY,394.0,92,5147.0,326
922,2020-04-05,60,79,71,KY,917.0,86,15746.0,1005
923,2020-04-12,45,55,50,KY,1840.0,147,22727.0,132
924,2020-04-19,37,37,40,KY,2707.0,185,29518.0,1444
925,2020-04-26,20,94,34,KY,3905.0,126,42653.0,1470
926,2020-05-03,17,76,39,KY,4879.0,0,52770.0,0
927,2020-05-10,15,79,37,KY,6440.0,152,80483.0,324
928,2020-05-17,12,60,27,KY,7688.0,244,121997.0,1707
929,2020-05-24,9,42,23,KY,8571.0,145,161285.0,-1748
930,2020-05-31,7,41,23,KY,9704.0,240,204049.0,5318
931,2020-06-07,8,42,27,KY,11287.0,0,237775.0,0
932,2020-06-14,8,86,31,KY,12445.0,0,282140.0,0
933,2020-06-21,10,0,32,KY,13750.0,120,303531.0,0
934,2020-06-28,9,89,36,KY,15232.0,373,343259.0,7364
935,2020-07-05,11,90,38,KY,16376.0,0,379271.0,0
936,2020-07-12,10,46,40,KY,19389.0,268,418781.0,0
937,2020-07-19,9,44,44,KY,23161.0,977,469563.0,1546
938,2020-07-26,9,44,38,KY,27079.0,315,514819.0,0
939,2020-08-02,7,0,96,KY,31185.0,462,565951.0,0
940,2020-08-09,6,0,31,KY,34982.0,404,613857.0,0
941,2020-08-16,5,0,27,KY,39315.0,385,673046.0,0
942,2020-08-23,4,0,21,KY,43529.0,1264,706202.0,0
943,2020-08-30,4,39,25,KY,48032.0,455,768082.0,0
944,2020-09-06,4,63,20,KY,52774.0,310,819355.0,0
945,2020-09-13,4,62,20,KY,56945.0,530,873807.0,0
946,2020-09-20,3,43,21,KY,61542.0,436,993670.0,0
947,2020-09-27,4,46,25,KY,66491.0,455,1216560.0,0
948,2020-10-04,4,94,19,KY,72617.0,616,1371855.0,0
949,2020-10-11,3,100,19,KY,80292.0,847,1467733.0,0
950,2020-10-18,4,50,20,KY,87607.0,810,1600733.0,0
951,2020-10-25,4,50,26,KY,96942.0,1462,1704451.0,0
952,2020-11-01,3,84,19,KY,108642.0,1423,1805591.0,0
953,2020-11-08,4,64,26,KY,120838.0,1177,1947149.0,0
954,2020-03-08,69,36,51,OR,14.0,7,100.0,23
955,2020-03-15,100,83,98,OR,36.0,6,420.0,83
956,2020-03-22,79,70,100,OR,161.0,47,2864.0,861
957,2020-03-29,59,78,93,OR,548.0,69,10878.0,1185
958,2020-04-05,57,34,78,OR,1068.0,69,19556.0,3021
959,2020-04-12,44,100,57,OR,1527.0,156,28231.0,2378
960,2020-04-19,34,54,45,OR,1910.0,66,37128.0,1389
961,2020-04-26,21,49,43,OR,2311.0,58,46653.0,1529
962,2020-05-03,19,67,42,OR,2680.0,45,59374.0,1873
963,2020-05-10,17,33,37,OR,3228.0,68,72279.0,819
964,2020-05-17,14,33,29,OR,3623.0,11,90733.0,2146
965,2020-05-24,12,35,30,OR,3927.0,39,108268.0,1949
966,2020-05-31,10,33,27,OR,4243.0,58,124958.0,2348
967,2020-06-07,11,33,39,OR,4808.0,146,143592.0,2095
968,2020-06-14,11,35,38,OR,5636.0,101,168246.0,3302
969,2020-06-21,12,72,42,OR,6937.0,187,195674.0,8329
970,2020-06-28,15,0,42,OR,8341.0,247,219529.0,0
971,2020-07-05,14,37,36,OR,10230.0,300,253971.0,8875
972,2020-07-12,14,37,41,OR,12170.0,319,284002.0,3670
973,2020-07-19,11,0,37,OR,14579.0,430,321011.0,4367
974,2020-07-26,9,37,31,OR,16758.0,266,361717.0,4199
975,2020-08-02,8,0,78,OR,19097.0,280,394560.0,3761
976,2020-08-09,7,37,27,OR,21272.0,262,425765.0,8708
977,2020-08-16,6,0,26,OR,23262.0,244,465535.0,3674
978,2020-08-23,5,37,23,OR,24937.0,227,494883.0,3129
979,2020-08-30,5,0,21,OR,26554.0,261,526791.0,4234
980,2020-09-06,4,0,14,OR,28044.0,188,557381.0,5130
981,2020-09-13,4,50,15,OR,29337.0,181,583283.0,2335
982,2020-09-20,4,0,18,OR,30801.0,202,605268.0,1957
983,2020-09-27,5,0,18,OR,32820.0,239,638670.0,2580
984,2020-10-04,5,58,19,OR,34770.0,259,670666.0,3274
985,2020-10-11,4,43,16,OR,37262.0,327,703971.0,4308
986,2020-10-18,5,43,14,OR,39532.0,216,745572.0,3245
987,2020-10-25,5,44,19,OR,42101.0,362,783149.0,3746
988,2020-11-01,4,0,15,OR,45429.0,508,822363.0,5335
989,2020-11-08,6,57,25,OR,50448.0,861,858853.0,5341
990,2020-03-08,67,23,37,LA,0.0,0,5.0,5
991,2020-03-15,100,47,91,LA,90.0,39,156.0,47
992,2020-03-22,71,71,97,LA,837.0,257,2661.0,481
993,2020-03-29,53,46,93,LA,3540.0,225,24331.0,2485
994,2020-04-05,54,82,64,LA,13010.0,514,47315.0,1313
995,2020-04-12,42,37,48,LA,20595.0,581,83450.0,6549
996,2020-04-19,31,0,42,LA,23928.0,348,111420.0,-2999
997,2020-04-26,15,37,34,LA,26773.0,261,116263.0,3773
998,2020-05-03,14,37,36,LA,29340.0,200,146820.0,3102
999,2020-05-10,12,23,35,LA,31600.0,183,184272.0,3532
1000,2020-05-17,9,23,30,LA,34432.0,315,230738.0,5113
1001,2020-05-24,8,24,22,LA,37169.0,129,278867.0,1460
1002,2020-05-31,5,35,20,LA,39916.0,339,335193.0,5951
1003,2020-06-07,5,23,27,LA,42816.0,330,391249.0,5666
1004,2020-06-14,7,24,36,LA,46619.0,336,462713.0,4613
1005,2020-06-21,9,24,40,LA,49778.0,393,561034.0,5603
1006,2020-06-28,10,41,41,LA,56236.0,1467,639875.0,16638
1007,2020-07-05,10,50,37,LA,65226.0,1937,737228.0,16375
1008,2020-07-12,9,25,45,LA,78122.0,1319,856873.0,9229
1009,2020-07-19,7,37,36,LA,91706.0,3116,977598.0,22248
1010,2020-07-26,6,100,35,LA,107574.0,3840,1125690.0,29698
1011,2020-08-02,5,50,100,LA,119747.0,3467,1259693.0,33730
1012,2020-08-09,4,36,23,LA,131399.0,2653,1409172.0,32916
1013,2020-08-16,3,24,23,LA,137918.0,1181,1520169.0,19894
1014,2020-08-23,2,74,16,LA,142943.0,1223,1620895.0,23808
1015,2020-08-30,3,24,18,LA,148568.0,1624,1720883.0,38648
1016,2020-09-06,3,37,19,LA,153764.0,1395,1805480.0,25205
1017,2020-09-13,2,31,11,LA,158390.0,1281,1908340.0,27696
1018,2020-09-20,2,23,16,LA,162258.0,936,2016741.0,31077
1019,2020-09-27,2,50,17,LA,166075.0,923,2117074.0,26161
1020,2020-10-04,2,26,16,LA,169719.0,893,2213951.0,25328
1021,2020-10-11,2,28,13,LA,174587.0,1181,2314281.0,37600
1022,2020-10-18,2,28,13,LA,178869.0,1143,2413729.0,25803
1023,2020-10-25,2,0,12,LA,183575.0,972,2513932.0,25297
1024,2020-11-01,2,0,11,LA,187720.0,1071,2595398.0,18376
1025,2020-11-08,2,36,13,LA,192981.0,1266,2699976.0,25215
1026,2020-03-08,74,27,44,PA,6.0,2,,0
1027,2020-03-15,100,52,96,PA,63.0,16,205.0,0
1028,2020-03-22,75,100,97,PA,479.0,108,4964.0,1198
1029,2020-03-29,61,38,94,PA,3394.0,643,30061.0,4807
1030,2020-04-05,58,34,77,PA,11510.0,1493,66261.0,6248
1031,2020-04-12,47,23,62,PA,22833.0,1178,102057.0,3559
1032,2020-04-19,37,37,54,PA,32284.0,1215,126570.0,3674
1033,2020-04-26,21,28,42,PA,41165.0,1116,157428.0,4542
1034,2020-05-03,20,32,44,PA,49267.0,962,191374.0,4303
1035,2020-05-10,17,19,38,PA,56611.0,1295,227772.0,5981
1036,2020-05-17,14,29,34,PA,62234.0,623,270670.0,4445
1037,2020-05-24,12,60,30,PA,67713.0,730,328382.0,6913
1038,2020-05-31,9,19,26,PA,72546.0,515,383111.0,7370
1039,2020-06-07,9,25,35,PA,76212.0,506,444173.0,9051
1040,2020-06-14,9,20,38,PA,78798.0,336,504435.0,7846
1041,2020-06-21,11,16,40,PA,81730.0,464,576015.0,9554
1042,2020-06-28,14,32,47,PA,85496.0,1126,657486.0,22775
1043,2020-07-05,13,21,39,PA,89854.0,479,734846.0,9398
1044,2020-07-12,12,27,45,PA,95266.0,577,829018.0,11384
1045,2020-07-19,9,43,41,PA,101027.0,786,926352.0,13866
1046,2020-07-26,8,33,38,PA,107425.0,800,1028776.0,12071
1047,2020-08-02,7,27,100,PA,113590.0,654,1130979.0,11593
1048,2020-08-09,6,22,29,PA,118852.0,760,1228358.0,13393
1049,2020-08-16,5,44,28,PA,124460.0,660,1332403.0,12519
1050,2020-08-23,4,21,21,PA,129048.0,619,1423972.0,11848
1051,2020-08-30,4,0,22,PA,133504.0,670,1515899.0,11791
1052,2020-09-06,4,49,23,PA,139316.0,691,1599299.0,10218
1053,2020-09-13,4,26,19,PA,143881.0,76,1664000.0,0
1054,2020-09-20,4,10,18,PA,150578.0,733,1758332.0,12052
1055,2020-09-27,4,27,20,PA,156150.0,918,1845070.0,14778
1056,2020-10-04,4,45,19,PA,163535.0,2251,1931635.0,26664
1057,2020-10-11,4,12,18,PA,172216.0,1166,2033645.0,14205
1058,2020-10-18,4,19,19,PA,182212.0,1269,2132651.0,12801
1059,2020-10-25,4,24,19,PA,194288.0,1666,2229977.0,14920
1060,2020-11-01,3,15,16,PA,209936.0,1909,2327810.0,13176
1061,2020-11-08,5,23,24,PA,230894.0,2909,2441635.0,15514
1062,2020-02-02,9,51,0,MA,,0,,0
1063,2020-02-09,6,52,1,MA,,0,,0
1064,2020-02-16,4,0,2,MA,,0,,0
1065,2020-02-23,19,75,5,MA,,0,,0
1066,2020-03-01,36,25,17,MA,,0,,0
1067,2020-03-08,89,49,60,MA,,0,,0
1068,2020-03-15,100,49,100,MA,64.0,26,584.0,584
1069,2020-03-22,76,79,98,MA,547.0,121,5476.0,677
1070,2020-03-29,60,68,95,MA,4856.0,698,34234.0,3319
1071,2020-04-05,61,46,80,MA,12402.0,765,59565.0,2374
1072,2020-04-12,49,34,68,MA,25381.0,2615,91463.0,5348
1073,2020-04-19,43,30,60,MA,39820.0,2293,129295.0,4691
1074,2020-04-26,25,45,48,MA,54938.0,1590,181162.0,7665
1075,2020-05-03,23,45,47,MA,68087.0,1824,246559.0,13828
1076,2020-05-10,21,39,43,MA,77793.0,1050,310596.0,10802
1077,2020-05-17,18,59,39,MA,86010.0,1077,374816.0,11660
1078,2020-05-24,14,48,32,MA,92675.0,1013,439698.0,10374
1079,2020-05-31,11,31,30,MA,96965.0,664,495888.0,9670
1080,2020-06-07,11,39,36,MA,103436.0,304,549054.0,7547
1081,2020-06-14,11,33,35,MA,105603.0,208,607107.0,8906
1082,2020-06-21,12,37,38,MA,107061.0,125,666259.0,8258
1083,2020-06-28,13,100,35,MA,108667.0,224,727127.0,9228
1084,2020-07-05,13,43,35,MA,109974.0,136,781711.0,5782
1085,2020-07-12,12,34,38,MA,111597.0,199,845883.0,10947
1086,2020-07-19,11,34,37,MA,113534.0,296,927001.0,13406
1087,2020-07-26,10,52,36,MA,115637.0,369,1005122.0,9507
1088,2020-08-02,10,26,99,MA,118458.0,418,1096082.0,12959
1089,2020-08-09,8,26,33,MA,121040.0,329,1198899.0,16866
1090,2020-08-16,7,34,26,MA,123200.0,303,1326768.0,15164
1091,2020-08-23,6,25,22,MA,125360.0,0,1428313.0,0
1092,2020-08-30,5,38,23,MA,128229.0,199,1595545.0,16420
1093,2020-09-06,6,51,21,MA,122562.0,366,1736840.0,17361
1094,2020-09-13,5,24,21,MA,124826.0,286,1833129.0,11835
1095,2020-09-20,5,24,19,MA,127540.0,359,1959741.0,17059
1096,2020-09-27,6,34,23,MA,130642.0,592,2064199.0,17471
1097,2020-10-04,5,54,23,MA,134947.0,644,2174166.0,18355
1098,2020-10-11,6,30,20,MA,138903.0,563,2275181.0,15227
1099,2020-10-18,6,40,20,MA,143660.0,730,2373986.0,14844
1100,2020-10-25,7,30,24,MA,150565.0,1077,2485042.0,15923
1101,2020-11-01,6,25,18,MA,159707.0,1131,2602387.0,15585
1102,2020-11-08,6,53,23,MA,171399.0,1823,2730521.0,18330
1103,2020-03-08,70,57,40,AK,0.0,0,14.0,2
1104,2020-03-15,100,0,100,AK,1.0,0,143.0,0
1105,2020-03-22,74,100,98,AK,22.0,8,946.0,188
1106,2020-03-29,57,48,82,AK,102.0,17,3232.0,396
1107,2020-04-05,54,0,64,AK,185.0,14,6099.0,230
1108,2020-04-12,44,0,47,AK,272.0,15,7766.0,291
1109,2020-04-19,34,0,35,AK,319.0,5,9576.0,235
1110,2020-04-26,18,0,27,AK,341.0,2,15836.0,443
1111,2020-05-03,15,0,27,AK,368.0,3,21210.0,176
1112,2020-05-10,14,0,24,AK,379.0,1,26985.0,914
1113,2020-05-17,11,52,29,AK,396.0,4,34255.0,1366
1114,2020-05-24,11,0,23,AK,408.0,0,43099.0,1156
1115,2020-05-31,10,0,31,AK,434.0,0,51261.0,0
1116,2020-06-07,9,0,19,AK,544.0,8,64360.0,995
1117,2020-06-14,8,0,27,AK,661.0,7,72806.0,1657
1118,2020-06-21,10,0,26,AK,755.0,12,87296.0,1121
1119,2020-06-28,10,0,35,AK,883.0,29,107417.0,2690
1120,2020-07-05,11,58,27,AK,1138.0,27,122615.0,994
1121,2020-07-12,10,0,24,AK,1479.0,94,143996.0,2005
1122,2020-07-19,8,0,24,AK,2277.0,118,170733.0,4529
1123,2020-07-26,7,0,23,AK,3102.0,234,204162.0,1964
1124,2020-08-02,7,0,38,AK,3984.0,157,239106.0,4300
1125,2020-08-09,6,0,19,AK,4473.0,100,273446.0,4226
1126,2020-08-16,5,0,21,AK,5060.0,106,296455.0,4732
1127,2020-08-23,4,0,11,AK,5558.0,64,321882.0,1089
1128,2020-08-30,4,53,17,AK,6086.0,51,340753.0,1093
1129,2020-09-06,4,0,15,AK,6656.0,89,380401.0,1966
1130,2020-09-13,3,0,12,AK,7193.0,62,394020.0,1522
1131,2020-09-20,4,0,15,AK,7767.0,93,419158.0,3982
1132,2020-09-27,4,0,10,AK,8431.0,116,434554.0,0
1133,2020-10-04,5,0,10,AK,9376.0,189,467442.0,3373
1134,2020-10-11,4,0,19,AK,10686.0,258,492311.0,3486
1135,2020-10-18,4,66,20,AK,12016.0,224,520695.0,1987
1136,2020-10-25,5,0,20,AK,14064.0,529,545905.0,6320
1137,2020-11-01,4,0,11,AK,16705.0,350,587852.0,0
1138,2020-11-08,4,0,21,AK,19826.0,520,760348.0,-1040
1139,2020-03-08,77,66,45,MD,3.0,0,52.0,11
1140,2020-03-15,100,80,89,MD,31.0,5,94.0,0
1141,2020-03-22,76,26,95,MD,244.0,54,94.0,0
1142,2020-03-29,63,59,100,MD,1239.0,247,12354.0,838
1143,2020-04-05,63,100,79,MD,3609.0,484,24728.0,2243
1144,2020-04-12,52,40,64,MD,8225.0,531,41539.0,1995
1145,2020-04-19,40,24,59,MD,12830.0,522,55061.0,1999
1146,2020-04-26,25,32,52,MD,18581.0,815,78084.0,6727
1147,2020-05-03,23,72,47,MD,25462.0,989,107332.0,6283
1148,2020-05-10,21,58,48,MD,32587.0,1053,127344.0,2850
1149,2020-05-17,17,33,39,MD,38804.0,836,156122.0,3915
1150,2020-05-24,15,38,37,MD,46313.0,818,194049.0,7217
1151,2020-05-31,11,37,35,MD,52778.0,763,249103.0,7172
1152,2020-06-07,11,50,39,MD,57973.0,491,306830.0,6936
1153,2020-06-14,10,77,40,MD,61701.0,396,353608.0,6155
1154,2020-06-21,12,67,40,MD,64306.0,350,404725.0,6401
1155,2020-06-28,13,68,42,MD,66777.0,327,452696.0,5330
1156,2020-07-05,13,27,41,MD,69632.0,291,510330.0,6329
1157,2020-07-12,12,55,42,MD,73109.0,642,570282.0,13472
1158,2020-07-19,11,27,43,MD,78131.0,925,661654.0,17874
1159,2020-07-26,10,84,42,MD,83748.0,694,754824.0,12552
1160,2020-08-02,8,42,95,MD,90274.0,909,854512.0,14523
1161,2020-08-09,7,28,31,MD,95503.0,922,943842.0,18900
1162,2020-08-16,6,29,26,MD,100212.0,519,1042198.0,14239
1163,2020-08-23,5,28,24,MD,104102.0,579,1128794.0,11876
1164,2020-08-30,5,27,23,MD,107791.0,497,1211447.0,14258
1165,2020-09-06,5,67,24,MD,112119.0,512,1281205.0,8357
1166,2020-09-13,4,0,21,MD,116110.0,577,1339735.0,10816
1167,2020-09-20,4,53,20,MD,120156.0,412,1409320.0,10260
1168,2020-09-27,5,28,20,MD,123403.0,431,1470960.0,9632
1169,2020-10-04,5,29,19,MD,127290.0,471,1532557.0,9651
1170,2020-10-11,4,46,17,MD,131357.0,562,1600487.0,11480
1171,2020-10-18,4,31,18,MD,135657.0,530,1671005.0,11228
1172,2020-10-25,5,30,20,MD,140279.0,792,1738650.0,11210
1173,2020-11-01,4,0,15,MD,146145.0,864,1803035.0,9644
1174,2020-11-08,7,40,24,MD,153996.0,1081,1872296.0,9897
1175,2020-03-08,66,38,35,AL,0.0,0,,0
1176,2020-03-15,100,25,85,AL,12.0,6,28.0,6
1177,2020-03-22,80,33,100,AL,138.0,14,1464.0,1436
1178,2020-03-29,66,73,92,AL,806.0,110,4184.0,0
1179,2020-04-05,60,24,73,AL,1796.0,216,11282.0,2009
1180,2020-04-12,43,57,45,AL,3525.0,334,18058.0,0
1181,2020-04-19,32,34,37,AL,4837.0,182,40875.0,2992
1182,2020-04-26,18,47,36,AL,6270.0,133,67281.0,2074
1183,2020-05-03,16,35,34,AL,7725.0,291,84775.0,0
1184,2020-05-10,15,48,36,AL,9777.0,210,117644.0,1717
1185,2020-05-17,12,60,31,AL,11771.0,248,144579.0,2608
1186,2020-05-24,10,49,27,AL,14327.0,389,171472.0,2734
1187,2020-05-31,8,73,23,AL,17903.0,544,199650.0,4808
1188,2020-06-07,7,48,26,AL,20500.0,457,239066.0,13465
1189,2020-06-14,8,37,38,AL,25615.0,1014,271840.0,3189
1190,2020-06-21,9,100,41,AL,30021.0,472,314657.0,4683
1191,2020-06-28,10,39,40,AL,35441.0,358,350839.0,1896
1192,2020-07-05,10,51,39,AL,43953.0,1091,405933.0,6707
1193,2020-07-12,10,43,40,AL,53587.0,1640,457919.0,7846
1194,2020-07-19,7,64,37,AL,67011.0,1777,518522.0,9261
1195,2020-07-26,6,52,35,AL,79294.0,1164,570392.0,6911
1196,2020-08-02,6,39,85,AL,91444.0,2095,614626.0,6604
1197,2020-08-09,5,25,24,AL,101334.0,2947,661117.0,10002
1198,2020-08-16,4,25,21,AL,108433.0,853,737991.0,8554
1199,2020-08-23,4,24,16,AL,115060.0,528,806609.0,4859
1200,2020-08-30,4,24,18,AL,125235.0,1346,855827.0,3898
1201,2020-09-06,3,25,17,AL,132314.0,511,851994.0,5824
1202,2020-09-13,3,24,14,AL,138755.0,1109,884432.0,5709
1203,2020-09-20,3,0,14,AL,144962.0,798,923366.0,4918
1204,2020-09-27,3,35,15,AL,152321.0,730,975685.0,5637
1205,2020-10-04,2,35,12,AL,159169.0,789,1022073.0,5754
1206,2020-10-11,3,28,12,AL,165342.0,816,1064417.0,4998
1207,2020-10-18,3,57,14,AL,172626.0,964,1102369.0,4270
1208,2020-10-25,2,29,14,AL,184355.0,1079,1144785.0,5863
1209,2020-11-01,2,24,9,AL,193985.0,1700,1187341.0,5383
1210,2020-11-08,3,37,14,AL,203687.0,1205,1229817.0,5222
1211,2020-03-01,42,64,14,RI,2.0,0,2.0,0
1212,2020-03-08,78,64,42,RI,3.0,0,67.0,18
1213,2020-03-15,100,67,83,RI,20.0,1,364.0,54
1214,2020-03-22,72,60,83,RI,113.0,25,1547.0,263
1215,2020-03-29,62,58,100,RI,417.0,105,3056.0,314
1216,2020-04-05,62,60,71,RI,1150.0,182,7032.0,1070
1217,2020-04-12,50,0,61,RI,3142.0,289,18578.0,1448
1218,2020-04-19,39,0,45,RI,5207.0,339,29289.0,1762
1219,2020-04-26,23,58,44,RI,7769.0,276,42746.0,1886
1220,2020-05-03,20,0,39,RI,9703.0,181,55233.0,1610
1221,2020-05-10,18,59,39,RI,11613.0,186,68106.0,1502
1222,2020-05-17,15,0,43,RI,13040.0,125,79768.0,1537
1223,2020-05-24,11,61,34,RI,14141.0,84,89924.0,757
1224,2020-05-31,10,0,29,RI,14988.0,76,98790.0,850
1225,2020-06-07,9,60,27,RI,15638.0,49,108540.0,758
1226,2020-06-14,9,0,28,RI,16104.0,32,117593.0,884
1227,2020-06-21,10,0,40,RI,16476.0,27,125701.0,623
1228,2020-06-28,12,0,35,RI,16835.0,22,134878.0,578
1229,2020-07-05,12,0,39,RI,17108.0,24,143047.0,1374
1230,2020-07-12,12,65,41,RI,17312.0,0,149343.0,0
1231,2020-07-19,9,97,32,RI,17793.0,0,161408.0,0
1232,2020-07-26,9,0,34,RI,18224.0,0,171804.0,0
1233,2020-08-02,9,0,96,RI,19022.0,0,186994.0,0
1234,2020-08-09,8,0,32,RI,19906.0,74,201584.0,1451
1235,2020-08-16,5,65,24,RI,20514.0,75,212564.0,1237
1236,2020-08-23,5,0,23,RI,21263.0,88,231308.0,2357
1237,2020-08-30,5,65,20,RI,21903.0,46,250113.0,1759
1238,2020-09-06,5,0,20,RI,22519.0,35,266689.0,1486
1239,2020-09-13,4,0,20,RI,23098.0,99,284385.0,1248
1240,2020-09-20,5,61,22,RI,23880.0,82,295923.0,1705
1241,2020-09-27,5,65,27,RI,24398.0,114,310722.0,1858
1242,2020-10-04,5,0,13,RI,25369.0,124,325201.0,1833
1243,2020-10-11,5,0,19,RI,26750.0,170,351100.0,3829
1244,2020-10-18,5,75,27,RI,28262.0,284,369962.0,3166
1245,2020-10-25,6,74,22,RI,30857.0,274,387563.0,2071
1246,2020-11-01,5,0,14,RI,33888.0,480,405446.0,2293
1247,2020-11-08,7,0,14,RI,37743.0,568,425841.0,2501
1248,2020-03-08,74,75,47,ME,0.0,0,1.0,0
1249,2020-03-15,100,71,100,ME,3.0,0,91.0,0
1250,2020-03-22,72,0,90,ME,89.0,16,2264.0,0
1251,2020-03-29,61,97,86,ME,253.0,42,3394.0,0
1252,2020-04-05,56,100,61,ME,470.0,14,6088.0,0
1253,2020-04-12,43,0,46,ME,633.0,17,6088.0,0
1254,2020-04-19,36,67,42,ME,867.0,20,14076.0,0
1255,2020-04-26,23,65,37,ME,1015.0,25,16784.0,0
1256,2020-05-03,20,0,35,ME,1185.0,33,19546.0,0
1257,2020-05-10,18,0,34,ME,1436.0,28,22092.0,0
1258,2020-05-17,15,71,26,ME,1687.0,39,22092.0,0
1259,2020-05-24,13,70,23,ME,2055.0,42,35450.0,0
1260,2020-05-31,10,0,23,ME,2325.0,43,47284.0,0
1261,2020-06-07,9,69,29,ME,2570.0,46,56399.0,0
1262,2020-06-14,9,0,30,ME,2793.0,36,67065.0,1472
1263,2020-06-21,10,70,33,ME,2957.0,19,78033.0,1395
1264,2020-06-28,11,0,35,ME,3191.0,37,90304.0,1526
1265,2020-07-05,11,70,27,ME,3415.0,18,104517.0,1969
1266,2020-07-12,11,0,30,ME,3539.0,19,118775.0,2405
1267,2020-07-19,9,0,22,ME,3687.0,41,133750.0,2467
1268,2020-07-26,9,0,23,ME,3814.0,24,151504.0,1921
1269,2020-08-02,7,71,63,ME,3958.0,21,168116.0,2307
1270,2020-08-09,7,0,22,ME,4042.0,16,184944.0,2569
1271,2020-08-16,6,70,18,ME,4168.0,24,206055.0,2845
1272,2020-08-23,5,0,16,ME,4335.0,18,227366.0,3932
1273,2020-08-30,6,0,19,ME,4512.0,23,255149.0,4280
1274,2020-09-06,5,0,15,ME,4682.0,15,292172.0,4864
1275,2020-09-13,5,0,18,ME,4863.0,29,325305.0,5136
1276,2020-09-20,5,71,18,ME,5079.0,44,369059.0,2907
1277,2020-09-27,6,74,17,ME,5288.0,28,415908.0,14749
1278,2020-10-04,5,77,11,ME,5519.0,33,443822.0,0
1279,2020-10-11,5,86,14,ME,5723.0,27,485386.0,0
1280,2020-10-18,5,0,11,ME,5939.0,26,527776.0,0
1281,2020-10-25,7,0,19,ME,6201.0,64,568188.0,0
1282,2020-11-01,6,0,21,ME,6715.0,47,616843.0,0
1283,2020-11-08,7,0,21,ME,7693.0,90,668621.0,0
1284,2020-03-08,74,0,35,AR,0.0,0,6.0,0
1285,2020-03-15,100,67,92,AR,16.0,4,103.0,38
1286,2020-03-22,80,94,98,AR,165.0,47,711.0,144
1287,2020-03-29,63,44,100,AR,426.0,22,3027.0,89
1288,2020-04-05,61,88,79,AR,830.0,87,10412.0,785
1289,2020-04-12,47,43,55,AR,1280.0,54,18442.0,1090
1290,2020-04-19,34,85,40,AR,1781.0,42,22428.0,26
1291,2020-04-26,19,44,35,AR,2941.0,112,36528.0,1304
1292,2020-05-03,17,44,33,AR,3431.0,59,49459.0,1249
1293,2020-05-10,15,44,36,AR,3747.0,0,61781.0,0
1294,2020-05-17,12,45,31,AR,4759.0,181,80426.0,3360
1295,2020-05-24,12,47,31,AR,5922.0,310,102659.0,5224
1296,2020-05-31,9,0,26,AR,7253.0,240,122262.0,2778
1297,2020-06-07,10,69,34,AR,9426.0,325,150847.0,3191
1298,2020-06-14,10,71,39,AR,12501.0,954,184488.0,9018
1299,2020-06-21,11,97,51,AR,15142.0,0,227092.0,0
1300,2020-06-28,12,0,41,AR,19310.0,570,271912.0,6687
1301,2020-07-05,12,49,39,AR,23209.0,0,315684.0,0
1302,2020-07-12,11,76,43,AR,28367.0,1564,354035.0,11189
1303,2020-07-19,9,99,38,AR,32533.0,771,386638.0,5395
1304,2020-07-26,7,50,33,AR,38623.0,1374,438644.0,14429
1305,2020-08-02,6,0,82,AR,43173.0,0,471408.0,0
1306,2020-08-09,6,50,27,AR,49383.0,1344,514448.0,10964
1307,2020-08-16,5,100,24,AR,52665.0,673,569385.0,33117
1308,2020-08-23,5,44,20,AR,56574.0,375,609126.0,6187
1309,2020-08-30,4,43,20,AR,60856.0,478,651831.0,5239
1310,2020-09-06,5,0,19,AR,65226.0,0,700721.0,0
1311,2020-09-13,4,0,18,AR,70219.0,509,751849.0,1559
1312,2020-09-20,3,0,14,AR,75723.0,563,810294.0,16197
1313,2020-09-27,4,0,18,AR,81242.0,487,861892.0,6257
1314,2020-10-04,4,50,18,AR,87013.0,488,989037.0,7150
1315,2020-10-11,3,0,15,AR,92833.0,613,1058352.0,8384
1316,2020-10-18,3,55,17,AR,99066.0,644,1122588.0,7773
1317,2020-10-25,3,55,16,AR,106115.0,797,1189120.0,7315
1318,2020-11-01,2,0,13,AR,112190.0,0,1243490.0,0
1319,2020-11-08,4,72,21,AR,121866.0,1038,1316939.0,8462
1320,2020-03-08,64,54,33,SC,2.0,0,8.0,0
1321,2020-03-15,100,94,88,SC,19.0,6,154.0,44
1322,2020-03-22,76,78,95,SC,195.0,43,1466.0,211
1323,2020-03-29,62,67,99,SC,774.0,235,3015.0,607
1324,2020-04-05,62,68,80,SC,2049.0,132,16927.0,530
1325,2020-04-12,46,100,59,SC,3319.0,112,28106.0,1220
1326,2020-04-19,36,32,48,SC,4377.0,131,36103.0,1516
1327,2020-04-26,20,33,41,SC,5490.0,237,45271.0,1510
1328,2020-05-03,17,33,39,SC,6626.0,137,57562.0,2435
1329,2020-05-10,15,33,44,SC,7653.0,122,76804.0,3372
1330,2020-05-17,12,33,35,SC,8816.0,409,111670.0,10461
1331,2020-05-24,11,67,29,SC,10096.0,201,153851.0,4836
1332,2020-05-31,9,84,29,SC,11861.0,467,188355.0,10230
1333,2020-06-07,10,33,42,SC,14286.0,370,223573.0,4745
1334,2020-06-14,11,68,58,SC,18795.0,840,229541.0,5590
1335,2020-06-21,14,35,61,SC,24693.0,907,277974.0,5511
1336,2020-06-28,13,36,58,SC,33320.0,1381,326482.0,7257
1337,2020-07-05,12,36,53,SC,44847.0,1461,385962.0,8655
1338,2020-07-12,12,74,46,SC,56648.0,1949,435860.0,2469
1339,2020-07-19,9,61,48,SC,69986.0,2374,507400.0,13019
1340,2020-07-26,8,37,39,SC,81199.0,1191,566614.0,8132
1341,2020-08-02,6,55,100,SC,91788.0,1189,630469.0,9199
1342,2020-08-09,6,37,31,SC,100435.0,975,685549.0,6934
1343,2020-08-16,5,74,27,SC,106497.0,615,761104.0,6586
1344,2020-08-23,4,71,19,SC,111988.0,693,780348.0,-20489
1345,2020-08-30,5,0,24,SC,118324.0,1075,824549.0,6175
1346,2020-09-06,4,35,23,SC,124952.0,663,876273.0,6635
1347,2020-09-13,4,51,21,SC,131864.0,1886,939999.0,15105
1348,2020-09-20,3,0,19,SC,137708.0,468,994887.0,8862
1349,2020-09-27,4,36,22,SC,145887.0,614,1106651.0,9127
1350,2020-10-04,3,56,17,SC,151582.0,691,1226504.0,37637
1351,2020-10-11,3,60,16,SC,157406.0,785,1327252.0,13562
1352,2020-10-18,3,41,17,SC,163990.0,776,1437273.0,15436
1353,2020-10-25,4,41,17,SC,170678.0,1337,1535736.0,25993
1354,2020-11-01,3,35,15,SC,178023.0,1411,1649329.0,23891
1355,2020-11-08,3,53,22,SC,185688.0,946,1773414.0,13228
1356,2020-03-01,19,33,8,MI,14.0,0,,0
1357,2020-03-08,72,55,44,MI,251.0,63,26.0,8
1358,2020-03-15,100,67,88,MI,2188.0,460,205.0,0
1359,2020-03-22,77,84,97,MI,7822.0,799,4791.0,705
1360,2020-03-29,62,100,100,MI,15784.0,919,17417.0,1515
1361,2020-04-05,58,37,81,MI,24458.0,877,44154.0,2949
1362,2020-04-12,45,33,59,MI,31666.0,686,64555.0,2314
1363,2020-04-19,36,21,48,MI,37557.0,528,89758.0,2644
1364,2020-04-26,21,51,42,MI,43789.0,526,134431.0,5476
1365,2020-05-03,19,57,43,MI,49029.0,357,195361.0,6648
1366,2020-05-10,17,43,39,MI,53033.0,301,267417.0,8152
1367,2020-05-17,14,22,36,MI,58278.0,255,363548.0,10392
1368,2020-05-24,12,23,30,MI,61457.0,164,467087.0,11531
1369,2020-05-31,9,30,26,MI,63568.0,247,567192.0,12683
1370,2020-06-07,9,15,32,MI,64969.0,55,661256.0,10314
1371,2020-06-14,9,16,33,MI,66054.0,218,747444.0,13797
1372,2020-06-21,12,15,39,MI,67711.0,166,839715.0,12626
1373,2020-06-28,13,48,38,MI,69946.0,267,946733.0,15591
1374,2020-07-05,13,15,39,MI,72941.0,360,1073878.0,16305
1375,2020-07-12,13,47,43,MI,76776.0,406,1219379.0,21627
1376,2020-07-19,10,32,39,MI,81868.0,530,1402591.0,27851
1377,2020-07-26,9,23,37,MI,86661.0,1589,1584083.0,54509
1378,2020-08-02,8,16,94,MI,91761.0,429,1810080.0,24582
1379,2020-08-09,7,24,28,MI,96726.0,535,2004606.0,25676
1380,2020-08-16,6,50,24,MI,102259.0,477,2218791.0,28794
1381,2020-08-23,5,24,22,MI,106808.0,764,2426664.0,73669
1382,2020-08-30,5,15,20,MI,112526.0,1390,2632268.0,59530
1383,2020-09-06,5,23,18,MI,117191.0,0,2801811.0,0
1384,2020-09-13,4,38,20,MI,123058.0,0,2987552.0,0
1385,2020-09-20,4,23,18,MI,128087.0,0,3190382.0,0
1386,2020-09-27,4,16,20,MI,134373.0,0,3408684.0,0
1387,2020-10-04,5,25,19,MI,141271.0,0,3623003.0,0
1388,2020-10-11,5,0,19,MI,149464.0,0,3860845.0,0
1389,2020-10-18,5,18,20,MI,159119.0,0,4111638.0,0
1390,2020-10-25,6,19,24,MI,175612.0,0,4404379.0,0
1391,2020-11-01,5,23,19,MI,197406.0,0,4714186.0,0
1392,2020-11-08,7,0,30,MI,229003.0,0,4984958.0,0
1393,2020-03-08,83,0,35,SD,0.0,0,5.0,0
1394,2020-03-15,100,94,75,SD,9.0,0,327.0,145
1395,2020-03-22,86,85,100,SD,21.0,7,740.0,49
1396,2020-03-29,71,0,93,SD,90.0,22,3127.0,535
1397,2020-04-05,76,87,82,SD,240.0,28,5353.0,341
1398,2020-04-12,60,0,66,SD,730.0,104,7823.0,445
1399,2020-04-19,46,0,36,SD,1635.0,93,10427.0,309
1400,2020-04-26,25,0,35,SD,2212.0,65,14062.0,613
1401,2020-05-03,23,85,36,SD,2631.0,43,15786.0,283
1402,2020-05-10,21,0,41,SD,3517.0,124,20377.0,818
1403,2020-05-17,18,0,33,SD,3987.0,28,24572.0,355
1404,2020-05-24,16,0,30,SD,4563.0,95,30342.0,1282
1405,2020-05-31,12,0,27,SD,4993.0,33,39135.0,1157
1406,2020-06-07,11,0,30,SD,5438.0,71,51622.0,1531
1407,2020-06-14,10,96,34,SD,5898.0,65,59421.0,741
1408,2020-06-21,12,0,27,SD,6297.0,72,66729.0,1039
1409,2020-06-28,14,100,23,SD,6681.0,55,72212.0,738
1410,2020-07-05,13,0,30,SD,7063.0,35,76940.0,138
1411,2020-07-12,14,0,30,SD,7499.0,45,83109.0,957
1412,2020-07-19,11,0,25,SD,7906.0,44,90181.0,796
1413,2020-07-26,9,0,27,SD,8395.0,90,98531.0,923
1414,2020-08-02,9,0,68,SD,8955.0,88,104998.0,933
1415,2020-08-09,9,0,17,SD,9605.0,128,111292.0,782
1416,2020-08-16,8,97,31,SD,10274.0,156,118500.0,1169
1417,2020-08-23,8,91,26,SD,11276.0,141,125484.0,989
1418,2020-08-30,8,0,33,SD,13322.0,380,132329.0,765
1419,2020-09-06,7,0,25,SD,15109.0,220,139992.0,974
1420,2020-09-13,7,0,21,SD,16638.0,201,147318.0,1146
1421,2020-09-20,7,0,24,SD,18696.0,252,157657.0,880
1422,2020-09-27,8,0,26,SD,21541.0,408,165963.0,962
1423,2020-10-04,6,0,17,SD,24418.0,432,175357.0,1324
1424,2020-10-11,7,0,27,SD,28564.0,617,189547.0,1009
1425,2020-10-18,6,0,21,SD,33269.0,658,197778.0,1185
1426,2020-10-25,7,0,25,SD,39203.0,1062,206727.0,1188
1427,2020-11-01,5,0,14,SD,47324.0,1332,214841.0,1301
1428,2020-11-08,6,0,22,SD,55404.0,1428,221631.0,924
1429,2020-03-08,72,55,47,MN,2.0,0,48.0,0
1430,2020-03-15,100,79,100,MN,128.0,38,1387.0,540
1431,2020-03-22,71,95,89,MN,349.0,22,4511.0,559
1432,2020-03-29,54,58,76,MN,725.0,38,18566.0,1171
1433,2020-04-05,53,100,64,MN,1217.0,59,28090.0,1403
1434,2020-04-12,41,48,49,MN,1864.0,58,38030.0,1132
1435,2020-04-19,34,49,38,MN,2914.0,126,46288.0,1106
1436,2020-04-26,21,59,36,MN,5512.0,385,59161.0,2179
1437,2020-05-03,19,25,38,MN,9411.0,340,83433.0,2824
1438,2020-05-10,18,25,36,MN,13552.0,231,111109.0,5069
1439,2020-05-17,14,43,32,MN,18016.0,311,153069.0,5670
1440,2020-05-24,12,26,26,MN,23121.0,356,201566.0,6625
1441,2020-05-31,9,52,23,MN,26322.0,141,257133.0,6741
1442,2020-06-07,8,81,28,MN,28988.0,135,324153.0,9409
1443,2020-06-14,8,0,26,MN,30471.0,6,387239.0,-6
1444,2020-06-21,9,28,32,MN,32920.0,453,471443.0,11867
1445,2020-06-28,10,29,26,MN,35549.0,516,549868.0,15994
1446,2020-07-05,10,48,30,MN,38136.0,512,635879.0,28331
1447,2020-07-12,10,29,31,MN,42281.0,710,712771.0,12247
1448,2020-07-19,9,68,31,MN,46204.0,734,806984.0,16492
1449,2020-07-26,8,29,28,MN,51153.0,862,906221.0,15816
1450,2020-08-02,7,29,67,MN,55947.0,759,802394.0,11314
1451,2020-08-09,6,29,21,MN,60898.0,797,874075.0,12779
1452,2020-08-16,5,59,21,MN,65152.0,739,928902.0,8842
1453,2020-08-23,4,29,17,MN,69584.0,717,990736.0,8347
1454,2020-08-30,4,29,16,MN,75189.0,932,1046882.0,10002
1455,2020-09-06,4,28,15,MN,80587.0,707,1107706.0,9786
1456,2020-09-13,4,0,17,MN,84311.0,723,1148994.0,10060
1457,2020-09-20,4,55,17,MN,90017.0,1296,1213458.0,10784
1458,2020-09-27,5,58,19,MN,96734.0,1075,1287778.0,14755
1459,2020-10-04,4,46,16,MN,103826.0,1039,1376393.0,16648
1460,2020-10-11,4,33,15,MN,112268.0,1440,1466456.0,16181
1461,2020-10-18,4,32,17,MN,122812.0,1722,1558506.0,17973
1462,2020-10-25,5,48,18,MN,133802.0,1680,1636931.0,24938
1463,2020-11-01,4,45,15,MN,150672.0,2200,1719173.0,13387
1464,2020-11-08,5,42,23,MN,180862.0,5908,1823720.0,15231
1465,2020-03-08,60,52,37,AZ,5.0,0,44.0,0
1466,2020-03-15,100,77,92,AZ,12.0,0,121.0,0
1467,2020-03-22,80,100,99,AZ,152.0,48,282.0,42
1468,2020-03-29,67,32,100,AZ,919.0,46,12953.0,5498
1469,2020-04-05,61,41,79,AZ,2269.0,250,25141.0,0
1470,2020-04-12,50,41,68,AZ,3539.0,146,38570.0,1433
1471,2020-04-19,39,24,55,AZ,4929.0,210,48061.0,1735
1472,2020-04-26,23,0,51,AZ,6526.0,246,58285.0,2057
1473,2020-05-03,21,49,50,AZ,8640.0,276,72479.0,2846
1474,2020-05-10,19,25,48,AZ,11119.0,159,99258.0,4408
1475,2020-05-17,15,34,41,AZ,13937.0,306,137824.0,4667
1476,2020-05-24,13,26,35,AZ,16339.0,300,167302.0,2902
1477,2020-05-31,11,25,30,AZ,19936.0,681,205270.0,7478
1478,2020-06-07,14,50,47,AZ,26889.0,1438,254732.0,8537
1479,2020-06-14,16,26,63,AZ,35691.0,1233,302354.0,8415
1480,2020-06-21,17,44,69,AZ,52390.0,2592,367354.0,11872
1481,2020-06-28,19,62,61,AZ,73908.0,3857,435988.0,11292
1482,2020-07-05,17,55,52,AZ,98089.0,3536,506273.0,11318
1483,2020-07-12,15,27,47,AZ,122467.0,2537,573705.0,9645
1484,2020-07-19,11,41,41,AZ,143624.0,2359,642355.0,11629
1485,2020-07-26,9,41,37,AZ,162014.0,1973,705089.0,7521
1486,2020-08-02,8,34,97,AZ,178467.0,1465,777961.0,6313
1487,2020-08-09,7,25,27,AZ,186923.0,816,835640.0,5226
1488,2020-08-16,6,50,26,AZ,193537.0,883,898437.0,13900
1489,2020-08-23,5,33,21,AZ,198103.0,208,952766.0,6527
1490,2020-08-30,5,25,23,AZ,201661.0,374,997780.0,6691
1491,2020-09-06,5,26,21,AZ,205766.0,250,1053252.0,5993
1492,2020-09-13,5,25,20,AZ,208512.0,384,1087625.0,7024
1493,2020-09-20,5,66,21,AZ,214018.0,467,1169906.0,10298
1494,2020-09-27,5,28,23,AZ,217237.0,411,1230608.0,8757
1495,2020-10-04,4,39,19,AZ,220754.0,355,1280104.0,7647
1496,2020-10-11,5,31,16,AZ,225575.0,597,1345494.0,9565
1497,2020-10-18,5,31,18,AZ,231149.0,742,1405061.0,9622
1498,2020-10-25,5,51,20,AZ,238163.0,1391,1473706.0,11512
1499,2020-11-01,4,49,17,AZ,247473.0,1527,1544171.0,12748
1500,2020-11-08,5,94,21,AZ,259264.0,1880,1620064.0,12023
1501,2020-03-08,67,84,38,TN,3.0,2,,0
1502,2020-03-15,100,65,89,TN,39.0,7,157.0,27
1503,2020-03-22,79,100,100,TN,505.0,134,3272.0,0
1504,2020-03-29,60,89,97,TN,1537.0,164,19037.0,2072
1505,2020-04-05,57,54,71,TN,3633.0,312,41667.0,3597
1506,2020-04-12,42,26,51,TN,5308.0,194,65369.0,3655
1507,2020-04-19,34,43,43,TN,7070.0,308,90028.0,6204
1508,2020-04-26,19,26,38,TN,9667.0,478,137807.0,5590
1509,2020-05-03,16,52,38,TN,13177.0,516,191430.0,7815
1510,2020-05-10,15,99,36,TN,14985.0,217,246884.0,8904
1511,2020-05-17,11,53,32,TN,17388.0,100,307892.0,4979
1512,2020-05-24,10,69,25,TN,20145.0,356,363431.0,9462
1513,2020-05-31,8,27,25,TN,23006.0,440,412971.0,8491
1514,2020-06-07,8,54,30,TN,26381.0,310,472387.0,7037
1515,2020-06-14,8,28,35,TN,30432.0,891,584788.0,12967
1516,2020-06-21,10,38,44,TN,35102.0,656,650527.0,9633
1517,2020-06-28,12,29,38,TN,40172.0,0,708381.0,0
1518,2020-07-05,12,48,44,TN,51431.0,1291,844735.0,16271
1519,2020-07-12,11,77,42,TN,61960.0,954,956055.0,9947
1520,2020-07-19,8,72,38,TN,78115.0,1779,1119182.0,21866
1521,2020-07-26,7,29,36,TN,93936.0,3140,1288916.0,47338
1522,2020-08-02,7,57,90,TN,109627.0,1443,1452671.0,18002
1523,2020-08-09,6,28,26,TN,122712.0,2127,1590408.0,25507
1524,2020-08-16,4,93,23,TN,133708.0,1961,1723632.0,25621
1525,2020-08-23,4,53,19,TN,143937.0,1854,1901256.0,35579
1526,2020-08-30,4,54,20,TN,153115.0,835,2035895.0,11170
1527,2020-09-06,4,84,20,TN,164126.0,1764,2167073.0,19111
1528,2020-09-13,3,45,18,TN,171824.0,933,2284325.0,12482
1529,2020-09-20,3,27,16,TN,183514.0,2075,2483612.0,37964
1530,2020-09-27,3,43,19,TN,192995.0,2104,2639541.0,40553
1531,2020-10-04,3,45,18,TN,201210.0,1615,2769178.0,31811
1532,2020-10-11,3,49,16,TN,214717.0,2068,2957644.0,29061
1533,2020-10-18,3,47,14,TN,228744.0,2605,3112075.0,33081
1534,2020-10-25,3,41,17,TN,247587.0,3500,3299149.0,38096
1535,2020-11-01,2,26,11,TN,261426.0,754,3421747.0,10646
1536,2020-11-08,3,82,20,TN,281851.0,3636,3591288.0,32886
1537,2020-03-08,67,60,40,MO,1.0,1,,0
1538,2020-03-15,100,100,94,MO,5.0,1,122.0,32
1539,2020-03-22,73,85,100,MO,90.0,17,369.0,0
1540,2020-03-29,57,65,94,MO,838.0,0,11547.0,1465
1541,2020-04-05,55,85,70,MO,2367.0,76,24882.0,2268
1542,2020-04-12,41,63,48,MO,4160.0,136,41040.0,1892
1543,2020-04-19,33,27,38,MO,5667.0,150,48242.0,0
1544,2020-04-26,17,57,30,MO,6997.0,171,62751.0,2359
1545,2020-05-03,16,56,37,MO,8386.0,232,74590.0,0
1546,2020-05-10,14,42,32,MO,9844.0,178,105702.0,6470
1547,2020-05-17,12,48,29,MO,10789.0,114,135466.0,6801
1548,2020-05-24,10,50,26,MO,11988.0,236,139631.0,3079
1549,2020-05-31,7,29,23,MO,13147.0,185,180414.0,7946
1550,2020-06-07,7,39,26,MO,14553.0,111,222305.0,6682
1551,2020-06-14,7,41,30,MO,15810.0,0,259679.0,5693
1552,2020-06-21,9,41,35,MO,18003.0,413,297154.0,3629
1553,2020-06-28,10,32,34,MO,20575.0,314,340598.0,5569
1554,2020-07-05,10,32,36,MO,23436.0,221,396073.0,7027
1555,2020-07-12,9,53,39,MO,27443.0,310,458065.0,10648
1556,2020-07-19,8,74,36,MO,33094.0,846,525985.0,7357
1557,2020-07-26,7,53,35,MO,41927.0,1218,585024.0,6012
1558,2020-08-02,6,33,83,MO,51840.0,582,650627.0,5140
1559,2020-08-09,5,33,25,MO,57379.0,0,695361.0,0
1560,2020-08-16,4,44,21,MO,67475.0,1078,778143.0,9099
1561,2020-08-23,4,0,23,MO,75075.0,818,839758.0,9321
1562,2020-08-30,4,59,21,MO,83655.0,1465,890582.0,7446
1563,2020-09-06,3,76,21,MO,93434.0,1232,952409.0,6310
1564,2020-09-13,3,30,20,MO,102747.0,1613,1025953.0,13714
1565,2020-09-20,3,46,18,MO,112844.0,1328,1099664.0,8556
1566,2020-09-27,3,33,18,MO,123406.0,1392,1174700.0,7545
1567,2020-10-04,3,56,14,MO,132431.0,1326,1218314.0,9863
1568,2020-10-11,3,72,14,MO,144230.0,0,1303437.0,0
1569,2020-10-18,3,54,15,MO,156696.0,1768,1229840.0,6105
1570,2020-10-25,3,36,17,MO,169495.0,2043,1289345.0,6782
1571,2020-11-01,2,80,14,MO,185535.0,2349,1333181.0,6212
1572,2020-11-08,3,0,22,MO,209197.0,4131,1390418.0,17073
1573,2020-03-08,75,55,44,CA,88.0,19,462.0,0
1574,2020-03-15,100,76,89,CA,293.0,41,916.0,0
1575,2020-03-22,76,100,93,CA,1536.0,257,11304.0,55
1576,2020-03-29,65,89,96,CA,5708.0,1065,20549.0,0
1577,2020-04-05,66,92,79,CA,13438.0,1412,103095.0,1421
1578,2020-04-12,52,41,62,CA,21794.0,1179,168534.0,15930
1579,2020-04-19,42,40,55,CA,30333.0,1370,250567.0,19864
1580,2020-04-26,24,37,48,CA,42164.0,1027,483920.0,19022
1581,2020-05-03,21,34,45,CA,53616.0,1419,662135.0,27529
1582,2020-05-10,20,32,45,CA,66680.0,2119,888984.0,40975
1583,2020-05-17,16,29,38,CA,78839.0,2046,1156404.0,54071
1584,2020-05-24,14,51,34,CA,92710.0,2079,1490035.0,65360
1585,2020-05-31,10,37,30,CA,110583.0,3705,1834265.0,52548
1586,2020-06-07,11,33,38,CA,128812.0,2796,2233406.0,51122
1587,2020-06-14,11,49,42,CA,148855.0,3212,2653141.0,74391
1588,2020-06-21,14,40,47,CA,173824.0,4515,3145432.0,80329
1589,2020-06-28,16,38,46,CA,211243.0,4810,3744709.0,88832
1590,2020-07-05,14,57,44,CA,265985.0,8597,4414153.0,118510
1591,2020-07-12,15,38,49,CA,320804.0,8460,5085795.0,122444
1592,2020-07-19,11,48,41,CA,384692.0,9329,5902160.0,110305
1593,2020-07-26,9,51,38,CA,453659.0,8259,6714480.0,112525
1594,2020-08-02,8,32,100,CA,509162.0,9032,7526813.0,140356
1595,2020-08-09,7,38,30,CA,554160.0,8373,8271959.0,110219
1596,2020-08-16,5,21,25,CA,621562.0,7873,9176573.0,109151
1597,2020-08-23,5,21,23,CA,663669.0,6777,9877362.0,97902
1598,2020-08-30,5,38,22,CA,699909.0,6070,10531920.0,116129
1599,2020-09-06,4,21,22,CA,732144.0,4905,11315047.0,125963
1600,2020-09-13,4,39,20,CA,754923.0,4625,11935093.0,128424
1601,2020-09-20,4,40,20,CA,778400.0,4265,12744758.0,175007
1602,2020-09-27,5,26,21,CA,802308.0,4071,13531190.0,146697
1603,2020-10-04,4,41,18,CA,823729.0,4293,14336558.0,157106
1604,2020-10-11,4,34,16,CA,846579.0,3803,15200425.0,164756
1605,2020-10-18,4,34,16,CA,867317.0,2862,16024745.0,132489
1606,2020-10-25,4,19,17,CA,898029.0,5219,16889856.0,173487
1607,2020-11-01,3,9,13,CA,926534.0,4529,17816781.0,136469
1608,2020-11-08,5,50,20,CA,964639.0,7682,18759989.0,151795
1609,2020-03-08,72,97,34,TX,8.0,0,,0
1610,2020-03-15,100,94,78,TX,56.0,5,,0
1611,2020-03-22,75,100,90,TX,334.0,30,8422.0,2204
1612,2020-03-29,61,81,87,TX,2552.0,500,23208.0,0
1613,2020-04-05,64,89,72,TX,6812.0,702,64126.0,6485
1614,2020-04-12,50,60,55,TX,13484.0,923,111049.0,3077
1615,2020-04-19,39,46,46,TX,18923.0,663,163787.0,5808
1616,2020-04-26,20,67,40,TX,24631.0,858,251390.0,12347
1617,2020-05-03,18,50,38,TX,31548.0,1026,359012.0,8886
1618,2020-05-10,16,47,38,TX,38869.0,1009,462907.0,11473
1619,2020-05-17,13,59,32,TX,47784.0,785,602571.0,10831
1620,2020-05-24,11,50,27,TX,55348.0,839,708197.0,0
1621,2020-05-31,9,52,26,TX,64287.0,1949,887578.0,21399
1622,2020-06-07,10,49,35,TX,74978.0,1425,1025468.0,5744
1623,2020-06-14,12,65,51,TX,87854.0,1843,1208129.0,33821
1624,2020-06-21,15,79,62,TX,111601.0,3866,1414579.0,58916
1625,2020-06-28,16,44,54,TX,148728.0,5357,1626491.0,47036
1626,2020-07-05,15,62,49,TX,195239.0,3449,1938218.0,58199
1627,2020-07-12,13,59,46,TX,258658.0,8196,2234096.0,54934
1628,2020-07-19,10,64,39,TX,325030.0,7300,2607334.0,82379
1629,2020-07-26,8,42,33,TX,381656.0,5810,2988319.0,58123
1630,2020-08-02,7,56,100,TX,430485.0,0,3317294.0,0
1631,2020-08-09,6,44,26,TX,486362.0,4879,3539502.0,8328
1632,2020-08-16,5,50,24,TX,535582.0,6744,3903459.0,110621
1633,2020-08-23,4,37,20,TX,577537.0,4398,4090491.0,22770
1634,2020-08-30,4,40,19,TX,610354.0,3824,4314358.0,19916
1635,2020-09-06,4,34,19,TX,638310.0,2995,4644269.0,95636
1636,2020-09-13,3,50,18,TX,659434.0,1845,4890705.0,28653
1637,2020-09-20,3,37,17,TX,688534.0,2466,4904954.0,27846
1638,2020-09-27,4,62,18,TX,735132.0,1694,5281775.0,20400
1639,2020-10-04,3,41,16,TX,765894.0,2884,5771991.0,62062
1640,2020-10-11,3,41,14,TX,792478.0,2418,6095073.0,54502
1641,2020-10-18,3,70,14,TX,823779.0,3216,6503140.0,49467
1642,2020-10-25,4,66,16,TX,862375.0,4304,6899867.0,47743
1643,2020-11-01,3,66,12,TX,904855.0,4259,7313390.0,59753
1644,2020-11-08,4,32,19,TX,956234.0,5685,7778623.0,94182
1645,2020-03-08,84,62,54,CO,8.0,0,104.0,49
1646,2020-03-15,100,52,100,CO,131.0,30,627.0,17
1647,2020-03-22,74,91,93,CO,475.0,112,4075.0,758
1648,2020-03-29,56,69,83,CO,2061.0,327,11215.0,1273
1649,2020-04-05,55,100,66,CO,4565.0,392,19335.0,1437
1650,2020-04-12,42,19,52,CO,6893.0,383,27980.0,1837
1651,2020-04-19,34,48,45,CO,9433.0,386,35173.0,913
1652,2020-04-26,20,20,37,CO,12968.0,713,46823.0,2290
1653,2020-05-03,17,40,37,CO,16225.0,457,63681.0,2500
1654,2020-05-10,16,40,35,CO,19375.0,548,84374.0,6429
1655,2020-05-17,13,31,31,CO,21633.0,401,103915.0,3307
1656,2020-05-24,11,85,25,CO,23964.0,477,126087.0,4622
1657,2020-05-31,8,20,24,CO,26098.0,485,154529.0,4401
1658,2020-06-07,8,21,27,CO,27848.0,233,185166.0,4504
1659,2020-06-14,9,21,28,CO,29017.0,195,215626.0,7987
1660,2020-06-21,10,21,32,CO,30349.0,162,248037.0,5155
1661,2020-06-28,12,54,33,CO,32022.0,226,281689.0,5902
1662,2020-07-05,11,22,32,CO,33866.0,247,316851.0,4716
1663,2020-07-12,12,43,35,CO,36591.0,400,355512.0,5842
1664,2020-07-19,9,42,30,CO,39788.0,444,396150.0,4711
1665,2020-07-26,8,32,29,CO,43789.0,809,446607.0,9843
1666,2020-08-02,7,21,78,CO,47267.0,458,493305.0,6711
1667,2020-08-09,5,31,24,CO,50324.0,431,535556.0,6318
1668,2020-08-16,5,21,19,CO,52838.0,300,573467.0,5680
1669,2020-08-23,4,40,16,CO,54883.0,297,594857.0,0
1670,2020-08-30,4,0,18,CO,57041.0,268,648168.0,5557
1671,2020-09-06,4,21,15,CO,58989.0,334,683583.0,6270
1672,2020-09-13,3,20,14,CO,60907.0,415,716581.0,6846
1673,2020-09-20,4,21,15,CO,64356.0,606,761346.0,7227
1674,2020-09-27,4,0,18,CO,68510.0,584,814332.0,9526
1675,2020-10-04,4,23,16,CO,72555.0,657,874840.0,8817
1676,2020-10-11,4,25,16,CO,77642.0,1023,934531.0,10063
1677,2020-10-18,5,0,17,CO,84369.0,1139,991408.0,9154
1678,2020-10-25,6,0,21,CO,93400.0,1828,1050755.0,11426
1679,2020-11-01,4,20,17,CO,107350.0,2924,1122056.0,12015
1680,2020-11-08,6,49,22,CO,127967.0,3498,1200007.0,13630
1681,2020-03-08,64,51,34,MS,0.0,0,,0
1682,2020-03-15,100,90,77,MS,10.0,4,84.0,0
1683,2020-03-22,73,45,100,MS,207.0,67,1114.0,419
1684,2020-03-29,61,56,89,MS,758.0,95,2560.0,0
1685,2020-04-05,61,68,70,MS,1638.0,183,5580.0,447
1686,2020-04-12,48,32,46,MS,2781.0,139,18632.0,0
1687,2020-04-19,38,64,39,MS,4274.0,300,34791.0,0
1688,2020-04-26,20,67,34,MS,5911.0,193,54877.0,1638
1689,2020-05-03,19,33,29,MS,7550.0,109,70043.0,3009
1690,2020-05-10,15,34,30,MS,9501.0,123,72101.0,0
1691,2020-05-17,12,34,28,MS,11296.0,173,101830.0,4477
1692,2020-05-24,11,35,26,MS,13252.0,247,124650.0,3435
1693,2020-05-31,8,34,19,MS,15501.0,272,156336.0,5633
1694,2020-06-07,8,34,28,MS,17270.0,501,185979.0,9625
1695,2020-06-14,8,0,33,MS,19516.0,168,194537.0,0
1696,2020-06-21,10,59,40,MS,20641.0,0,218074.0,0
1697,2020-06-28,10,36,36,MS,25892.0,361,254296.0,2506
1698,2020-07-05,11,72,30,MS,30900.0,226,279241.0,0
1699,2020-07-12,11,36,44,MS,36287.0,868,298924.0,0
1700,2020-07-19,8,36,36,MS,42638.0,792,335439.0,0
1701,2020-07-26,8,37,29,MS,52304.0,1207,370789.0,0
1702,2020-08-02,7,0,92,MS,60553.0,672,401592.0,0
1703,2020-08-09,6,54,23,MS,67173.0,527,426944.0,0
1704,2020-08-16,5,34,24,MS,72136.0,381,448010.0,0
1705,2020-08-23,4,33,17,MS,77894.0,626,456354.0,0
1706,2020-08-30,4,100,18,MS,82676.0,647,486488.0,0
1707,2020-09-06,3,35,16,MS,86888.0,410,510921.0,0
1708,2020-09-13,3,33,14,MS,89874.0,254,532919.0,0
1709,2020-09-20,3,67,16,MS,93364.0,277,609799.0,0
1710,2020-09-27,3,36,20,MS,96859.0,182,634036.0,0
1711,2020-10-04,3,36,11,MS,100488.0,321,638843.0,0
1712,2020-10-11,3,79,15,MS,104932.0,294,704655.0,0
1713,2020-10-18,3,40,14,MS,110006.0,0,729544.0,0
1714,2020-10-25,3,0,13,MS,115088.0,0,729544.0,0
1715,2020-11-01,2,34,9,MS,120500.0,340,804264.0,0
1716,2020-11-08,3,68,15,MS,126689.0,804,837208.0,0
1717,2020-03-08,81,55,53,CT,1.0,1,29.0,29
1718,2020-03-15,100,35,100,CT,20.0,9,125.0,0
1719,2020-03-22,69,100,95,CT,223.0,29,2877.0,771
1720,2020-03-29,57,71,92,CT,1993.0,469,9907.0,1231
1721,2020-04-05,56,62,74,CT,5675.0,399,17595.0,842
1722,2020-04-12,46,37,59,CT,12035.0,525,29185.0,864
1723,2020-04-19,35,40,52,CT,17550.0,741,40663.0,2010
1724,2020-04-26,20,32,43,CT,25269.0,687,54542.0,1522
1725,2020-05-03,19,24,45,CT,29287.0,523,73206.0,1713
1726,2020-05-10,17,49,43,CT,33554.0,570,96638.0,6053
1727,2020-05-17,13,33,32,CT,37419.0,716,133188.0,5136
1728,2020-05-24,11,26,31,CT,40468.0,446,173668.0,5323
1729,2020-05-31,9,48,28,CT,42201.0,179,207845.0,2932
1730,2020-06-07,9,49,33,CT,43968.0,150,265055.0,5444
1731,2020-06-14,9,35,34,CT,45088.0,94,312263.0,7090
1732,2020-06-21,10,27,36,CT,45755.0,40,352175.0,2003
1733,2020-06-28,11,27,36,CT,46303.0,97,399057.0,6233
1734,2020-07-05,11,55,31,CT,46717.0,0,477851.0,24542
1735,2020-07-12,11,0,36,CT,47287.0,0,542107.0,31006
1736,2020-07-19,9,28,35,CT,47893.0,0,609238.0,27162
1737,2020-07-26,8,84,35,CT,48776.0,0,664296.0,0
1738,2020-08-02,6,30,98,CT,49810.0,0,744186.0,0
1739,2020-08-09,5,29,29,CT,50320.0,0,814313.0,0
1740,2020-08-16,5,58,25,CT,50897.0,0,886793.0,0
1741,2020-08-23,5,28,21,CT,51519.0,0,970851.0,0
1742,2020-08-30,5,81,23,CT,52495.0,0,1075011.0,0
1743,2020-09-06,5,27,23,CT,53365.0,0,1184293.0,0
1744,2020-09-13,4,26,21,CT,54326.0,0,1276658.0,0
1745,2020-09-20,4,26,19,CT,55527.0,0,1366621.0,0
1746,2020-09-27,5,28,23,CT,56587.0,0,1462564.0,0
1747,2020-10-04,5,87,21,CT,58297.0,0,1618113.0,0
1748,2020-10-11,4,0,20,CT,60038.0,0,1736501.0,0
1749,2020-10-18,5,32,20,CT,62830.0,0,1904803.0,0
1750,2020-10-25,6,31,22,CT,66052.0,0,2049692.0,0
1751,2020-11-01,4,0,18,CT,71207.0,0,2217377.0,0
1752,2020-11-08,5,0,28,CT,78125.0,0,2411479.0,0
1753,2020-03-08,86,37,56,UT,1.0,0,26.0,11
1754,2020-03-15,100,71,95,UT,28.0,22,657.0,276
1755,2020-03-22,81,69,100,UT,181.0,45,4488.0,582
1756,2020-03-29,68,0,99,UT,719.0,117,17038.0,2557
1757,2020-04-05,69,54,74,UT,1605.0,177,32096.0,1865
1758,2020-04-12,51,57,59,UT,2303.0,97,45236.0,1364
1759,2020-04-19,40,0,45,UT,3069.0,138,65537.0,4038
1760,2020-04-26,23,52,43,UT,4123.0,175,95837.0,3879
1761,2020-05-03,20,71,36,UT,5175.0,194,119875.0,2906
1762,2020-05-10,19,0,41,UT,6251.0,148,144671.0,2471
1763,2020-05-17,15,37,29,UT,7238.0,170,165641.0,3256
1764,2020-05-24,14,0,29,UT,8392.0,132,187434.0,3217
1765,2020-05-31,12,0,29,UT,9797.0,264,207179.0,3645
1766,2020-06-07,13,0,34,UT,12066.0,268,231325.0,3503
1767,2020-06-14,12,38,36,UT,14313.0,332,258435.0,3882
1768,2020-06-21,17,39,45,UT,17462.0,394,286539.0,4400
1769,2020-06-28,15,0,36,UT,21100.0,472,319889.0,5454
1770,2020-07-05,16,40,37,UT,24952.0,410,355004.0,3090
1771,2020-07-12,15,60,38,UT,29484.0,629,391323.0,5409
1772,2020-07-19,11,62,37,UT,34117.0,785,433096.0,4922
1773,2020-07-26,11,41,30,UT,37973.0,350,468446.0,3511
1774,2020-08-02,9,0,83,UT,41175.0,473,498527.0,3714
1775,2020-08-09,8,40,28,UT,44127.0,376,527717.0,4090
1776,2020-08-16,6,0,22,UT,46652.0,331,552205.0,3448
1777,2020-08-23,6,0,19,UT,49115.0,301,579358.0,3182
1778,2020-08-30,6,0,20,UT,51854.0,448,604742.0,3729
1779,2020-09-06,5,38,16,UT,54660.0,388,631263.0,4097
1780,2020-09-13,6,36,21,UT,57875.0,628,654098.0,3114
1781,2020-09-20,7,37,23,UT,63772.0,920,688333.0,5048
1782,2020-09-27,7,0,23,UT,70615.0,1068,730693.0,5753
1783,2020-10-04,7,41,17,UT,77618.0,1393,772212.0,5553
1784,2020-10-11,6,46,19,UT,85844.0,1200,810922.0,4847
1785,2020-10-18,6,0,15,UT,94394.0,1097,853851.0,5904
1786,2020-10-25,8,0,22,UT,104882.0,1765,896357.0,6740
1787,2020-11-01,6,35,16,UT,116510.0,1854,936881.0,4718
1788,2020-11-08,10,58,24,UT,132621.0,2386,984111.0,6352
1789,2020-03-08,68,49,29,MT,0.0,0,11.0,0
1790,2020-03-15,100,0,78,MT,7.0,2,103.0,0
1791,2020-03-22,78,0,100,MT,31.0,11,1146.0,0
1792,2020-03-29,62,0,84,MT,154.0,25,4143.0,887
1793,2020-04-05,57,0,63,MT,286.0,21,6317.0,405
1794,2020-04-12,44,43,40,MT,387.0,10,8526.0,322
1795,2020-04-19,35,0,35,MT,433.0,7,10465.0,322
1796,2020-04-26,19,45,31,MT,448.0,3,12414.0,362
1797,2020-05-03,17,0,23,MT,455.0,0,14552.0,372
1798,2020-05-10,17,0,28,MT,458.0,0,21246.0,375
1799,2020-05-17,13,0,23,MT,468.0,0,26417.0,794
1800,2020-05-24,12,0,20,MT,479.0,0,32902.0,729
1801,2020-05-31,10,0,21,MT,515.0,10,39283.0,504
1802,2020-06-07,10,0,22,MT,545.0,5,46833.0,619
1803,2020-06-14,12,0,30,MT,601.0,13,58306.0,890
1804,2020-06-21,14,0,37,MT,717.0,19,69640.0,808
1805,2020-06-28,15,100,29,MT,863.0,11,81611.0,1216
1806,2020-07-05,16,0,33,MT,1212.0,45,98894.0,1111
1807,2020-07-12,15,0,41,MT,1758.0,81,112903.0,1221
1808,2020-07-19,11,0,42,MT,2533.0,62,130626.0,1218
1809,2020-07-26,10,0,28,MT,3342.0,82,148973.0,1218
1810,2020-08-02,9,100,56,MT,4193.0,112,170102.0,2630
1811,2020-08-09,8,0,24,MT,4952.0,63,184994.0,1037
1812,2020-08-16,7,0,21,MT,5750.0,91,196174.0,897
1813,2020-08-23,6,0,19,MT,6429.0,53,204320.0,980
1814,2020-08-30,6,47,19,MT,7340.0,89,239321.0,1191
1815,2020-09-06,5,0,18,MT,8264.0,100,253762.0,876
1816,2020-09-13,5,0,13,MT,9021.0,96,271103.0,1300
1817,2020-09-20,6,48,19,MT,10299.0,136,292514.0,1837
1818,2020-09-27,8,0,25,MT,12107.0,200,318200.0,822
1819,2020-10-04,8,0,24,MT,14635.0,279,342778.0,2351
1820,2020-10-11,7,0,25,MT,18702.0,585,371556.0,1024
1821,2020-10-18,6,55,22,MT,22821.0,588,408313.0,2418
1822,2020-10-25,6,0,25,MT,27880.0,738,437727.0,837
1823,2020-11-01,5,0,15,MT,33495.0,694,468209.0,2095
1824,2020-11-08,7,0,22,MT,39679.0,731,486912.0,684
1825,2020-03-08,97,0,75,DC,1.0,1,10.0,2
1826,2020-03-15,100,31,90,DC,16.0,6,79.0,30
1827,2020-03-22,74,33,100,DC,98.0,21,957.0,451
1828,2020-03-29,58,0,96,DC,342.0,38,2469.0,258
1829,2020-04-05,56,33,72,DC,998.0,96,5836.0,300
1830,2020-04-12,45,100,65,DC,1875.0,97,8765.0,504
1831,2020-04-19,37,33,57,DC,2793.0,127,10906.0,304
1832,2020-04-26,24,0,54,DC,3841.0,142,14227.0,624
1833,2020-05-03,23,0,55,DC,5016.0,219,18086.0,879
1834,2020-05-10,21,34,45,DC,6272.0,170,23298.0,1217
1835,2020-05-17,17,0,35,DC,7123.0,81,29403.0,913
1836,2020-05-24,16,0,45,DC,7966.0,0,44025.0,0
1837,2020-05-31,11,0,34,DC,8801.0,84,37682.0,770
1838,2020-06-07,12,35,39,DC,9332.0,63,45215.0,806
1839,2020-06-14,11,0,42,DC,9767.0,58,54763.0,1436
1840,2020-06-21,13,0,41,DC,10020.0,36,69502.0,1533
1841,2020-06-28,14,0,39,DC,10248.0,32,82884.0,3829
1842,2020-07-05,14,0,36,DC,10482.0,35,95511.0,1404
1843,2020-07-12,13,0,33,DC,10847.0,46,116036.0,2787
1844,2020-07-19,11,37,26,DC,11261.0,67,136504.0,2743
1845,2020-07-26,10,0,34,DC,11780.0,63,159818.0,2526
1846,2020-08-02,9,0,79,DC,12274.0,69,184918.0,3342
1847,2020-08-09,7,0,26,DC,12753.0,100,205189.0,4508
1848,2020-08-16,6,0,26,DC,13220.0,61,229632.0,3575
1849,2020-08-23,5,0,20,DC,13590.0,56,252456.0,3550
1850,2020-08-30,5,35,17,DC,13959.0,34,274130.0,2299
1851,2020-09-06,5,0,19,DC,14279.0,41,297231.0,3605
1852,2020-09-13,5,35,23,DC,14592.0,40,316049.0,3164
1853,2020-09-20,4,0,24,DC,14955.0,53,340189.0,4214
1854,2020-09-27,5,0,24,DC,15250.0,35,365909.0,3145
1855,2020-10-04,6,0,18,DC,15519.0,46,384306.0,2230
1856,2020-10-11,4,0,19,DC,15984.0,66,420183.0,7002
1857,2020-10-18,4,0,17,DC,16370.0,36,450435.0,3801
1858,2020-10-25,4,0,18,DC,16767.0,61,479465.0,4618
1859,2020-11-01,4,0,15,DC,17369.0,103,507877.0,10891
1860,2020-11-08,5,0,18,DC,18001.0,110,537448.0,4754
